Energy (keV), Spectra Total, Spectra Lines, Spectra Bremsstrahlung
0.0025, 1.01072e-005, 0, 1.01072e-005
0.0075, 3.03217e-005, 0, 3.03217e-005
0.0125, 3.62159e-007, 0, 3.62159e-007
0.0175, 3.36757e-010, 0, 3.36757e-010
0.0225, 1.06476e-009, 0, 1.06476e-009
0.0275, 9.44481e-007, 0, 9.44481e-007
0.0325, 0.000112452, 0, 0.000112452
0.0375, 0.00262763, 0, 0.00262763
0.0425, 0.0320218, 0, 0.0320218
0.0475, 0.186195, 0, 0.186195
0.0525, 0.72373, 0, 0.72373
0.0575, 1.96018, 0, 1.96018
0.0625, 4.42575, 0, 4.42575
0.0675, 8.94533, 0, 8.94533
0.0725, 13.6362, 0, 13.6362
0.0775, 17.4804, 0, 17.4804
0.0825, 22.7887, 0, 22.7887
0.0875, 28.0332, 0, 28.0332
0.0925, 34.3097, 0, 34.3097
0.0975, 40.5448, 0, 40.5448
0.1025, 47.2571, 0, 47.2571
0.1075, 54.0915, 0, 54.0915
0.1125, 60.5496, 0, 60.5496
0.1175, 66.4749, 0, 66.4749
0.1225, 71.8191, 0, 71.8191
0.1275, 78.0079, 0, 78.0079
0.1325, 84.8338, 0, 84.8338
0.1375, 91.255, 0, 91.255
0.1425, 97.0939, 0, 97.0939
0.1475, 102.364, 0, 102.364
0.1525, 107.229, 0, 107.229
0.1575, 111.786, 0, 111.786
0.1625, 115.744, 0, 115.744
0.1675, 119.119, 0, 119.119
0.1725, 121.894, 0, 121.894
0.1775, 124.16, 0, 124.16
0.1825, 127.042, 0, 127.042
0.1875, 130.306, 0, 130.306
0.1925, 132.99, 0, 132.99
0.1975, 134.915, 0, 134.915
0.2025, 136.063, 0, 136.063
0.2075, 136.557, 0, 136.557
0.2125, 136.308, 0, 136.308
0.2175, 135.444, 0, 135.444
0.2225, 133.883, 0, 133.883
0.2275, 131.588, 0, 131.588
0.2325, 128.699, 0, 128.699
0.2375, 128.297, 0, 128.297
0.2425, 129.359, 0, 129.359
0.2475, 130.21, 0, 130.21
0.2525, 130.979, 0, 130.979
0.2575, 131.556, 0, 131.556
0.2625, 131.951, 0, 131.951
0.2675, 132.209, 0, 132.209
0.2725, 132.492, 0, 132.492
0.2775, 132.618, 0, 132.618
0.2825, 2046.62, 1952.49, 94.1349
0.2875, 31.0517, 0, 31.0517
0.2925, 32.6717, 0, 32.6717
0.2975, 34.2436, 0, 34.2436
0.3025, 35.7609, 0, 35.7609
0.3075, 37.2178, 0, 37.2178
0.3125, 38.6106, 0, 38.6106
0.3175, 39.9359, 0, 39.9359
0.3225, 41.1889, 0, 41.1889
0.3275, 42.3659, 0, 42.3659
0.3325, 43.4646, 0, 43.4646
0.3375, 44.4835, 0, 44.4835
0.3425, 45.4212, 0, 45.4212
0.3475, 46.2763, 0, 46.2763
0.3525, 47.0487, 0, 47.0487
0.3575, 47.7295, 0, 47.7295
0.3625, 48.3136, 0, 48.3136
0.3675, 48.8116, 0, 48.8116
0.3725, 49.2271, 0, 49.2271
0.3775, 49.5923, 0, 49.5923
0.3825, 49.9375, 0, 49.9375
0.3875, 50.2355, 0, 50.2355
0.3925, 50.7123, 0, 50.7123
0.3975, 51.5918, 0, 51.5918
0.4025, 52.4276, 0, 52.4276
0.4075, 52.8858, 0, 52.8858
0.4125, 49.9763, 0, 49.9763
0.4175, 49.9072, 0, 49.9072
0.4225, 50.6209, 0, 50.6209
0.4275, 51.2972, 0, 51.2972
0.4325, 51.9181, 0, 51.9181
0.4375, 52.502, 0, 52.502
0.4425, 53.053, 0, 53.053
0.4475, 53.5634, 0, 53.5634
0.4525, 54.0234, 0, 54.0234
0.4575, 54.4512, 0, 54.4512
0.4625, 54.844, 0, 54.844
0.4675, 55.1845, 0, 55.1845
0.4725, 55.4956, 0, 55.4956
0.4775, 55.7741, 0, 55.7741
0.4825, 56.0044, 0, 56.0044
0.4875, 56.2126, 0, 56.2126
0.4925, 56.3936, 0, 56.3936
0.4975, 56.5332, 0, 56.5332
0.5025, 56.6488, 0, 56.6488
0.5075, 56.7248, 0, 56.7248
0.5125, 56.7703, 0, 56.7703
0.5175, 56.7917, 0, 56.7917
0.5225, 56.7698, 0, 56.7698
0.5275, 56.7282, 0, 56.7282
0.5325, 56.652, 0, 56.652
0.5375, 51.4964, 0, 51.4964
0.5425, 43.479, 0, 43.479
0.5475, 42.399, 0, 42.399
0.5525, 42.7705, 0, 42.7705
0.5575, 43.1087, 0, 43.1087
0.5625, 43.4376, 0, 43.4376
0.5675, 43.7425, 0, 43.7425
0.5725, 44.0298, 0, 44.0298
0.5775, 44.2969, 0, 44.2969
0.5825, 44.5419, 0, 44.5419
0.5875, 44.773, 0, 44.773
0.5925, 44.9787, 0, 44.9787
0.5975, 45.1747, 0, 45.1747
0.6025, 45.3436, 0, 45.3436
0.6075, 45.5059, 0, 45.5059
0.6125, 45.64, 0, 45.64
0.6175, 45.7692, 0, 45.7692
0.6225, 45.8708, 0, 45.8708
0.6275, 45.9681, 0, 45.9681
0.6325, 46.0431, 0, 46.0431
0.6375, 46.1141, 0, 46.1141
0.6425, 46.1658, 0, 46.1658
0.6475, 46.2129, 0, 46.2129
0.6525, 46.2399, 0, 46.2399
0.6575, 46.2607, 0, 46.2607
0.6625, 46.2606, 0, 46.2606
0.6675, 46.2515, 0, 46.2515
0.6725, 46.2154, 0, 46.2154
0.6775, 46.162, 0, 46.162
0.6825, 46.0905, 0, 46.0905
0.6875, 45.9987, 0, 45.9987
0.6925, 45.8981, 0, 45.8981
0.6975, 45.7793, 0, 45.7793
0.7025, 45.657, 0, 45.657
0.7075, 45.6649, 0, 45.6649
0.7125, 45.6897, 0, 45.6897
0.7175, 45.7094, 0, 45.7094
0.7225, 45.7261, 0, 45.7261
0.7275, 45.7336, 0, 45.7336
0.7325, 45.7299, 0, 45.7299
0.7375, 45.7228, 0, 45.7228
0.7425, 45.6998, 0, 45.6998
0.7475, 45.6749, 0, 45.6749
0.7525, 45.6376, 0, 45.6376
0.7575, 45.5942, 0, 45.5942
0.7625, 45.5452, 0, 45.5452
0.7675, 45.485, 0, 45.485
0.7725, 45.4229, 0, 45.4229
0.7775, 45.3499, 0, 45.3499
0.7825, 45.2732, 0, 45.2732
0.7875, 45.1911, 0, 45.1911
0.7925, 45.0997, 0, 45.0997
0.7975, 45.0065, 0, 45.0065
0.8025, 44.902, 0, 44.902
0.8075, 44.793, 0, 44.793
0.8125, 44.6799, 0, 44.6799
0.8175, 44.5559, 0, 44.5559
0.8225, 44.43, 0, 44.43
0.8275, 44.2962, 0, 44.2962
0.8325, 44.1562, 0, 44.1562
0.8375, 44.0143, 0, 44.0143
0.8425, 43.8606, 0, 43.8606
0.8475, 43.7042, 0, 43.7042
0.8525, 43.544, 0, 43.544
0.8575, 43.3738, 0, 43.3738
0.8625, 43.2621, 0, 43.2621
0.8675, 43.181, 0, 43.181
0.8725, 43.0938, 0, 43.0938
0.8775, 43.0055, 0, 43.0055
0.8825, 42.9111, 0, 42.9111
0.8875, 42.8129, 0, 42.8129
0.8925, 42.7138, 0, 42.7138
0.8975, 42.6077, 0, 42.6077
0.9025, 42.4992, 0, 42.4992
0.9075, 42.3898, 0, 42.3898
0.9125, 42.2731, 0, 42.2731
0.9175, 42.1548, 0, 42.1548
0.9225, 42.0356, 0, 42.0356
0.9275, 41.9116, 0, 41.9116
0.9325, 41.7866, 0, 41.7866
0.9375, 41.6606, 0, 41.6606
0.9425, 41.5281, 0, 41.5281
0.9475, 41.3946, 0, 41.3946
0.9525, 41.2602, 0, 41.2602
0.9575, 41.1196, 0, 41.1196
0.9625, 40.978, 0, 40.978
0.9675, 40.8354, 0, 40.8354
0.9725, 40.6872, 0, 40.6872
0.9775, 40.5374, 0, 40.5374
0.9825, 40.3868, 0, 40.3868
0.9875, 40.2314, 0, 40.2314
0.9925, 40.0738, 0, 40.0738
0.9975, 39.9154, 0, 39.9154
1.0025, 39.7534, 0, 39.7534
1.0075, 39.5885, 0, 39.5885
1.0125, 39.4229, 0, 39.4229
1.0175, 39.2782, 0, 39.2782
1.0225, 39.1688, 0, 39.1688
1.0275, 39.0588, 0, 39.0588
1.0325, 38.9481, 0, 38.9481
1.0375, 38.8336, 0, 38.8336
1.0425, 38.7185, 0, 38.7185
1.0475, 38.603, 0, 38.603
1.0525, 38.4846, 0, 38.4846
1.0575, 38.3648, 0, 38.3648
1.0625, 38.2445, 0, 38.2445
1.0675, 38.1226, 0, 38.1226
1.0725, 37.9975, 0, 37.9975
1.0775, 37.872, 0, 37.872
1.0825, 37.7461, 0, 37.7461
1.0875, 37.6167, 0, 37.6167
1.0925, 37.4863, 0, 37.4863
1.0975, 37.3555, 0, 37.3555
1.1025, 37.2231, 0, 37.2231
1.1075, 37.0882, 0, 37.0882
1.1125, 36.9528, 0, 36.9528
1.1175, 36.817, 0, 36.817
1.1225, 36.6784, 0, 36.6784
1.1275, 36.5387, 0, 36.5387
1.1325, 36.3986, 0, 36.3986
1.1375, 36.2576, 0, 36.2576
1.1425, 36.1139, 0, 36.1139
1.1475, 35.9698, 0, 35.9698
1.1525, 35.8253, 0, 35.8253
1.1575, 35.6791, 0, 35.6791
1.1625, 35.5312, 0, 35.5312
1.1675, 35.3829, 0, 35.3829
1.1725, 35.2393, 0, 35.2393
1.1775, 35.1291, 0, 35.1291
1.1825, 35.018, 0, 35.018
1.1875, 34.9067, 0, 34.9067
1.1925, 34.7951, 0, 34.7951
1.1975, 34.681, 0, 34.681
1.2025, 34.5666, 0, 34.5666
1.2075, 34.4519, 0, 34.4519
1.2125, 34.3368, 0, 34.3368
1.2175, 34.2195, 0, 34.2195
1.2225, 34.102, 0, 34.102
1.2275, 33.9842, 0, 33.9842
1.2325, 33.8659, 0, 33.8659
1.2375, 33.7458, 0, 33.7458
1.2425, 33.6255, 0, 33.6255
1.2475, 33.505, 0, 33.505
1.2525, 33.3839, 0, 33.3839
1.2575, 33.2612, 0, 33.2612
1.2625, 33.1383, 0, 33.1383
1.2675, 33.0151, 0, 33.0151
1.2725, 32.8915, 0, 32.8915
1.2775, 32.7664, 0, 32.7664
1.2825, 32.6411, 0, 32.6411
1.2875, 32.5155, 0, 32.5155
1.2925, 32.3896, 0, 32.3896
1.2975, 32.2621, 0, 32.2621
1.3025, 32.1343, 0, 32.1343
1.3075, 32.0062, 0, 32.0062
1.3125, 31.878, 0, 31.878
1.3175, 31.7483, 0, 31.7483
1.3225, 31.6182, 0, 31.6182
1.3275, 31.4879, 0, 31.4879
1.3325, 31.3842, 0, 31.3842
1.3375, 31.2833, 0, 31.2833
1.3425, 31.1818, 0, 31.1818
1.3475, 31.0801, 0, 31.0801
1.3525, 30.9783, 0, 30.9783
1.3575, 30.8759, 0, 30.8759
1.3625, 30.7725, 0, 30.7725
1.3675, 30.669, 0, 30.669
1.3725, 30.5653, 0, 30.5653
1.3775, 30.4615, 0, 30.4615
1.3825, 30.3564, 0, 30.3564
1.3875, 30.2512, 0, 30.2512
1.3925, 30.1458, 0, 30.1458
1.3975, 30.0402, 0, 30.0402
1.4025, 29.934, 0, 29.934
1.4075, 29.8272, 0, 29.8272
1.4125, 29.7202, 0, 29.7202
1.4175, 29.613, 0, 29.613
1.4225, 29.5057, 0, 29.5057
1.4275, 29.3974, 0, 29.3974
1.4325, 29.2889, 0, 29.2889
1.4375, 29.1802, 0, 29.1802
1.4425, 29.0715, 0, 29.0715
1.4475, 28.9623, 0, 28.9623
1.4525, 28.8524, 0, 28.8524
1.4575, 28.7423, 0, 28.7423
1.4625, 28.6322, 0, 28.6322
1.4675, 28.5219, 0, 28.5219
1.4725, 28.411, 0, 28.411
1.4775, 28.2997, 0, 28.2997
1.4825, 28.1883, 0, 28.1883
1.4875, 28.0913, 0, 28.0913
1.4925, 28.0031, 0, 28.0031
1.4975, 27.9141, 0, 27.9141
1.5025, 27.825, 0, 27.825
1.5075, 27.7359, 0, 27.7359
1.5125, 27.6466, 0, 27.6466
1.5175, 27.5572, 0, 27.5572
1.5225, 27.467, 0, 27.467
1.5275, 27.3768, 0, 27.3768
1.5325, 27.2864, 0, 27.2864
1.5375, 27.196, 0, 27.196
1.5425, 27.0884, 0, 27.0884
1.5475, 26.887, 0, 26.887
1.5525, 26.6867, 0, 26.6867
1.5575, 26.4876, 0, 26.4876
1.5625, 26.2895, 0, 26.2895
1.5675, 26.1109, 0, 26.1109
1.5725, 26.0243, 0, 26.0243
1.5775, 25.9376, 0, 25.9376
1.5825, 25.8508, 0, 25.8508
1.5875, 25.7638, 0, 25.7638
1.5925, 25.6768, 0, 25.6768
1.5975, 25.5889, 0, 25.5889
1.6025, 25.5009, 0, 25.5009
1.6075, 25.4128, 0, 25.4128
1.6125, 25.3247, 0, 25.3247
1.6175, 25.2364, 0, 25.2364
1.6225, 25.1474, 0, 25.1474
1.6275, 25.0583, 0, 25.0583
1.6325, 24.969, 0, 24.969
1.6375, 24.8797, 0, 24.8797
1.6425, 24.7966, 0, 24.7966
1.6475, 24.7235, 0, 24.7235
1.6525, 24.6502, 0, 24.6502
1.6575, 24.5767, 0, 24.5767
1.6625, 24.5032, 0, 24.5032
1.6675, 24.4297, 0, 24.4297
1.6725, 24.3558, 0, 24.3558
1.6775, 24.2815, 0, 24.2815
1.6825, 24.2071, 0, 24.2071
1.6875, 24.1327, 0, 24.1327
1.6925, 24.0582, 0, 24.0582
1.6975, 23.9836, 0, 23.9836
1.7025, 23.9084, 0, 23.9084
1.7075, 23.8332, 0, 23.8332
1.7125, 23.7578, 0, 23.7578
1.7175, 23.6824, 0, 23.6824
1.7225, 23.607, 0, 23.607
1.7275, 23.5313, 0, 23.5313
1.7325, 23.4553, 0, 23.4553
1.7375, 23.3793, 0, 23.3793
1.7425, 23.3032, 0, 23.3032
1.7475, 23.227, 0, 23.227
1.7525, 23.1508, 0, 23.1508
1.7575, 23.0741, 0, 23.0741
1.7625, 22.9973, 0, 22.9973
1.7675, 22.9205, 0, 22.9205
1.7725, 22.8436, 0, 22.8436
1.7775, 22.7666, 0, 22.7666
1.7825, 22.6895, 0, 22.6895
1.7875, 22.612, 0, 22.612
1.7925, 22.5344, 0, 22.5344
1.7975, 22.4585, 0, 22.4585
1.8025, 22.3943, 0, 22.3943
1.8075, 22.3301, 0, 22.3301
1.8125, 22.2656, 0, 22.2656
1.8175, 22.2009, 0, 22.2009
1.8225, 22.1361, 0, 22.1361
1.8275, 22.0713, 0, 22.0713
1.8325, 22.0064, 0, 22.0064
1.8375, 21.9415, 0, 21.9415
1.8425, 21.8763, 0, 21.8763
1.8475, 21.8109, 0, 21.8109
1.8525, 21.7455, 0, 21.7455
1.8575, 21.68, 0, 21.68
1.8625, 21.6145, 0, 21.6145
1.8675, 21.549, 0, 21.549
1.8725, 21.4831, 0, 21.4831
1.8775, 21.4171, 0, 21.4171
1.8825, 21.3511, 0, 21.3511
1.8875, 21.285, 0, 21.285
1.8925, 21.2189, 0, 21.2189
1.8975, 21.1527, 0, 21.1527
1.9025, 21.0863, 0, 21.0863
1.9075, 21.0197, 0, 21.0197
1.9125, 20.9531, 0, 20.9531
1.9175, 20.8865, 0, 20.8865
1.9225, 20.8198, 0, 20.8198
1.9275, 20.7531, 0, 20.7531
1.9325, 20.6862, 0, 20.6862
1.9375, 20.6191, 0, 20.6191
1.9425, 20.5519, 0, 20.5519
1.9475, 20.4847, 0, 20.4847
1.9525, 20.4175, 0, 20.4175
1.9575, 20.3598, 0, 20.3598
1.9625, 20.3033, 0, 20.3033
1.9675, 20.2465, 0, 20.2465
1.9725, 20.1898, 0, 20.1898
1.9775, 20.1329, 0, 20.1329
1.9825, 20.0761, 0, 20.0761
1.9875, 20.0193, 0, 20.0193
1.9925, 19.9624, 0, 19.9624
1.9975, 19.9052, 0, 19.9052
2.0025, 19.8479, 0, 19.8479
2.0075, 19.7906, 0, 19.7906
2.0125, 19.7333, 0, 19.7333
2.0175, 19.676, 0, 19.676
2.0225, 19.6186, 0, 19.6186
2.0275, 19.5612, 0, 19.5612
2.0325, 19.5036, 0, 19.5036
2.0375, 19.446, 0, 19.446
2.0425, 19.3884, 0, 19.3884
2.0475, 19.3308, 0, 19.3308
2.0525, 19.2731, 0, 19.2731
2.0575, 19.2154, 0, 19.2154
2.0625, 19.1575, 0, 19.1575
2.0675, 19.0995, 0, 19.0995
2.0725, 19.0415, 0, 19.0415
2.0775, 18.9835, 0, 18.9835
2.0825, 18.9255, 0, 18.9255
2.0875, 18.8674, 0, 18.8674
2.0925, 18.8093, 0, 18.8093
2.0975, 18.751, 0, 18.751
2.1025, 18.6926, 0, 18.6926
2.1075, 18.6342, 0, 18.6342
2.1125, 18.5783, 0, 18.5783
2.1175, 18.5238, 0, 18.5238
2.1225, 112.998, 94.5288, 18.4693
2.1275, 18.4146, 0, 18.4146
2.1325, 18.3599, 0, 18.3599
2.1375, 18.3051, 0, 18.3051
2.1425, 18.2503, 0, 18.2503
2.1475, 18.1955, 0, 18.1955
2.1525, 18.1407, 0, 18.1407
2.1575, 18.0858, 0, 18.0858
2.1625, 18.0308, 0, 18.0308
2.1675, 17.9757, 0, 17.9757
2.1725, 17.9206, 0, 17.9206
2.1775, 17.8655, 0, 17.8655
2.1825, 17.8104, 0, 17.8104
2.1875, 17.7552, 0, 17.7552
2.1925, 17.7001, 0, 17.7001
2.1975, 17.6448, 0, 17.6448
2.2025, 17.5894, 0, 17.5894
2.2075, 17.534, 0, 17.534
2.2125, 17.4786, 0, 17.4786
2.2175, 17.4232, 0, 17.4232
2.2225, 17.3677, 0, 17.3677
2.2275, 17.3123, 0, 17.3123
2.2325, 17.2567, 0, 17.2567
2.2375, 17.2011, 0, 17.2011
2.2425, 17.1454, 0, 17.1454
2.2475, 17.0897, 0, 17.0897
2.2525, 17.034, 0, 17.034
2.2575, 16.9783, 0, 16.9783
2.2625, 16.9226, 0, 16.9226
2.2675, 16.87, 0, 16.87
2.2725, 16.8227, 0, 16.8227
2.2775, 16.7754, 0, 16.7754
2.2825, 16.7281, 0, 16.7281
2.2875, 16.6808, 0, 16.6808
2.2925, 16.6335, 0, 16.6335
2.2975, 16.5862, 0, 16.5862
2.3025, 16.5388, 0, 16.5388
2.3075, 16.4913, 0, 16.4913
2.3125, 16.4438, 0, 16.4438
2.3175, 16.3963, 0, 16.3963
2.3225, 16.3487, 0, 16.3487
2.3275, 16.3012, 0, 16.3012
2.3325, 16.2536, 0, 16.2536
2.3375, 16.206, 0, 16.206
2.3425, 16.1584, 0, 16.1584
2.3475, 16.1107, 0, 16.1107
2.3525, 16.0629, 0, 16.0629
2.3575, 16.0152, 0, 16.0152
2.3625, 15.9674, 0, 15.9674
2.3675, 15.9196, 0, 15.9196
2.3725, 15.8719, 0, 15.8719
2.3775, 15.8241, 0, 15.8241
2.3825, 15.7762, 0, 15.7762
2.3875, 15.7282, 0, 15.7282
2.3925, 15.6803, 0, 15.6803
2.3975, 15.6323, 0, 15.6323
2.4025, 15.5844, 0, 15.5844
2.4075, 15.5364, 0, 15.5364
2.4125, 15.4884, 0, 15.4884
2.4175, 15.4404, 0, 15.4404
2.4225, 15.3935, 0, 15.3935
2.4275, 15.3557, 0, 15.3557
2.4325, 15.3178, 0, 15.3178
2.4375, 15.2799, 0, 15.2799
2.4425, 15.242, 0, 15.242
2.4475, 15.2041, 0, 15.2041
2.4525, 15.1662, 0, 15.1662
2.4575, 15.1283, 0, 15.1283
2.4625, 15.0902, 0, 15.0902
2.4675, 15.0522, 0, 15.0522
2.4725, 15.0142, 0, 15.0142
2.4775, 14.9761, 0, 14.9761
2.4825, 14.9381, 0, 14.9381
2.4875, 14.9, 0, 14.9
2.4925, 14.8619, 0, 14.8619
2.4975, 14.8238, 0, 14.8238
2.5025, 14.7857, 0, 14.7857
2.5075, 14.7475, 0, 14.7475
2.5125, 14.7093, 0, 14.7093
2.5175, 14.6711, 0, 14.6711
2.5225, 14.6329, 0, 14.6329
2.5275, 14.5947, 0, 14.5947
2.5325, 14.5565, 0, 14.5565
2.5375, 14.5182, 0, 14.5182
2.5425, 14.4799, 0, 14.4799
2.5475, 14.4416, 0, 14.4416
2.5525, 14.4032, 0, 14.4032
2.5575, 14.3649, 0, 14.3649
2.5625, 14.3266, 0, 14.3266
2.5675, 14.2882, 0, 14.2882
2.5725, 14.2498, 0, 14.2498
2.5775, 14.2115, 0, 14.2115
2.5825, 14.1767, 0, 14.1767
2.5875, 14.1424, 0, 14.1424
2.5925, 14.1081, 0, 14.1081
2.5975, 14.0738, 0, 14.0738
2.6025, 14.0395, 0, 14.0395
2.6075, 14.0051, 0, 14.0051
2.6125, 13.9708, 0, 13.9708
2.6175, 13.9365, 0, 13.9365
2.6225, 13.9021, 0, 13.9021
2.6275, 13.8677, 0, 13.8677
2.6325, 13.8333, 0, 13.8333
2.6375, 13.7989, 0, 13.7989
2.6425, 13.7644, 0, 13.7644
2.6475, 13.73, 0, 13.73
2.6525, 13.6956, 0, 13.6956
2.6575, 13.6611, 0, 13.6611
2.6625, 13.6267, 0, 13.6267
2.6675, 13.5921, 0, 13.5921
2.6725, 13.5576, 0, 13.5576
2.6775, 13.5231, 0, 13.5231
2.6825, 13.4886, 0, 13.4886
2.6875, 13.454, 0, 13.454
2.6925, 13.4195, 0, 13.4195
2.6975, 13.3849, 0, 13.3849
2.7025, 13.3504, 0, 13.3504
2.7075, 13.3158, 0, 13.3158
2.7125, 13.2811, 0, 13.2811
2.7175, 13.2465, 0, 13.2465
2.7225, 13.2119, 0, 13.2119
2.7275, 13.1772, 0, 13.1772
2.7325, 13.1426, 0, 13.1426
2.7375, 13.1105, 0, 13.1105
2.7425, 13.08, 0, 13.08
2.7475, 13.0494, 0, 13.0494
2.7525, 13.0188, 0, 13.0188
2.7575, 12.9882, 0, 12.9882
2.7625, 12.9576, 0, 12.9576
2.7675, 12.927, 0, 12.927
2.7725, 12.8964, 0, 12.8964
2.7775, 12.8657, 0, 12.8657
2.7825, 12.8351, 0, 12.8351
2.7875, 12.8045, 0, 12.8045
2.7925, 12.7738, 0, 12.7738
2.7975, 12.7431, 0, 12.7431
2.8025, 12.7124, 0, 12.7124
2.8075, 12.6817, 0, 12.6817
2.8125, 12.651, 0, 12.651
2.8175, 12.6203, 0, 12.6203
2.8225, 12.5896, 0, 12.5896
2.8275, 12.5589, 0, 12.5589
2.8325, 12.5282, 0, 12.5282
2.8375, 12.4974, 0, 12.4974
2.8425, 12.4667, 0, 12.4667
2.8475, 12.4359, 0, 12.4359
2.8525, 12.4051, 0, 12.4051
2.8575, 12.3743, 0, 12.3743
2.8625, 12.3435, 0, 12.3435
2.8675, 12.3127, 0, 12.3127
2.8725, 12.2819, 0, 12.2819
2.8775, 12.2511, 0, 12.2511
2.8825, 12.2203, 0, 12.2203
2.8875, 12.1895, 0, 12.1895
2.8925, 12.1601, 0, 12.1601
2.8975, 12.1332, 0, 12.1332
2.9025, 12.1063, 0, 12.1063
2.9075, 12.0794, 0, 12.0794
2.9125, 12.0525, 0, 12.0525
2.9175, 12.0256, 0, 12.0256
2.9225, 11.9987, 0, 11.9987
2.9275, 11.9718, 0, 11.9718
2.9325, 11.9448, 0, 11.9448
2.9375, 11.9178, 0, 11.9178
2.9425, 11.8909, 0, 11.8909
2.9475, 11.8639, 0, 11.8639
2.9525, 11.8369, 0, 11.8369
2.9575, 11.81, 0, 11.81
2.9625, 11.783, 0, 11.783
2.9675, 11.756, 0, 11.756
2.9725, 11.729, 0, 11.729
2.9775, 11.702, 0, 11.702
2.9825, 11.675, 0, 11.675
2.9875, 11.648, 0, 11.648
2.9925, 11.6209, 0, 11.6209
2.9975, 11.5939, 0, 11.5939
3.0025, 11.5669, 0, 11.5669
3.0075, 11.5398, 0, 11.5398
3.0125, 11.5128, 0, 11.5128
3.0175, 11.4858, 0, 11.4858
3.0225, 11.4587, 0, 11.4587
3.0275, 11.4316, 0, 11.4316
3.0325, 11.4046, 0, 11.4046
3.0375, 11.3775, 0, 11.3775
3.0425, 11.3504, 0, 11.3504
3.0475, 11.3236, 0, 11.3236
3.0525, 11.2991, 0, 11.2991
3.0575, 11.2746, 0, 11.2746
3.0625, 11.2501, 0, 11.2501
3.0675, 11.2256, 0, 11.2256
3.0725, 11.2011, 0, 11.2011
3.0775, 11.1765, 0, 11.1765
3.0825, 11.152, 0, 11.152
3.0875, 11.1274, 0, 11.1274
3.0925, 11.1029, 0, 11.1029
3.0975, 11.0783, 0, 11.0783
3.1025, 11.0538, 0, 11.0538
3.1075, 11.0292, 0, 11.0292
3.1125, 11.0047, 0, 11.0047
3.1175, 10.9801, 0, 10.9801
3.1225, 10.9555, 0, 10.9555
3.1275, 10.931, 0, 10.931
3.1325, 10.9064, 0, 10.9064
3.1375, 10.8818, 0, 10.8818
3.1425, 10.8572, 0, 10.8572
3.1475, 10.8326, 0, 10.8326
3.1525, 10.8079, 0, 10.8079
3.1575, 10.7833, 0, 10.7833
3.1625, 10.7587, 0, 10.7587
3.1675, 10.7341, 0, 10.7341
3.1725, 10.7095, 0, 10.7095
3.1775, 10.6849, 0, 10.6849
3.1825, 10.6602, 0, 10.6602
3.1875, 10.6356, 0, 10.6356
3.1925, 10.6109, 0, 10.6109
3.1975, 10.5863, 0, 10.5863
3.2025, 10.5616, 0, 10.5616
3.2075, 10.5393, 0, 10.5393
3.2125, 10.5173, 0, 10.5173
3.2175, 10.4952, 0, 10.4952
3.2225, 10.4732, 0, 10.4732
3.2275, 10.4512, 0, 10.4512
3.2325, 10.4291, 0, 10.4291
3.2375, 10.4071, 0, 10.4071
3.2425, 10.385, 0, 10.385
3.2475, 10.363, 0, 10.363
3.2525, 10.3409, 0, 10.3409
3.2575, 10.3189, 0, 10.3189
3.2625, 10.2968, 0, 10.2968
3.2675, 10.2747, 0, 10.2747
3.2725, 10.2527, 0, 10.2527
3.2775, 10.2306, 0, 10.2306
3.2825, 10.2085, 0, 10.2085
3.2875, 10.1864, 0, 10.1864
3.2925, 10.1643, 0, 10.1643
3.2975, 10.1422, 0, 10.1422
3.3025, 10.1201, 0, 10.1201
3.3075, 10.0981, 0, 10.0981
3.3125, 10.076, 0, 10.076
3.3175, 10.0539, 0, 10.0539
3.3225, 10.0318, 0, 10.0318
3.3275, 10.0096, 0, 10.0096
3.3325, 9.98753, 0, 9.98753
3.3375, 9.96541, 0, 9.96541
3.3425, 9.94328, 0, 9.94328
3.3475, 9.92115, 0, 9.92115
3.3525, 9.89902, 0, 9.89902
3.3575, 9.87688, 0, 9.87688
3.3625, 9.85604, 0, 9.85604
3.3675, 9.83597, 0, 9.83597
3.3725, 9.81591, 0, 9.81591
3.3775, 9.79584, 0, 9.79584
3.3825, 9.77576, 0, 9.77576
3.3875, 9.75568, 0, 9.75568
3.3925, 9.73559, 0, 9.73559
3.3975, 9.71549, 0, 9.71549
3.4025, 9.6954, 0, 9.6954
3.4075, 9.6753, 0, 9.6753
3.4125, 9.6552, 0, 9.6552
3.4175, 9.6351, 0, 9.6351
3.4225, 9.615, 0, 9.615
3.4275, 9.5949, 0, 9.5949
3.4325, 9.5748, 0, 9.5748
3.4375, 9.55469, 0, 9.55469
3.4425, 9.53458, 0, 9.53458
3.4475, 9.51445, 0, 9.51445
3.4525, 9.49433, 0, 9.49433
3.4575, 9.4742, 0, 9.4742
3.4625, 9.45407, 0, 9.45407
3.4675, 9.43394, 0, 9.43394
3.4725, 9.41381, 0, 9.41381
3.4775, 9.39368, 0, 9.39368
3.4825, 9.37355, 0, 9.37355
3.4875, 9.35342, 0, 9.35342
3.4925, 9.33328, 0, 9.33328
3.4975, 9.31314, 0, 9.31314
3.5025, 9.29298, 0, 9.29298
3.5075, 9.27283, 0, 9.27283
3.5125, 9.25267, 0, 9.25267
3.5175, 9.23327, 0, 9.23327
3.5225, 9.21511, 0, 9.21511
3.5275, 9.19695, 0, 9.19695
3.5325, 9.17879, 0, 9.17879
3.5375, 9.16063, 0, 9.16063
3.5425, 9.14246, 0, 9.14246
3.5475, 9.1243, 0, 9.1243
3.5525, 9.10613, 0, 9.10613
3.5575, 9.08795, 0, 9.08795
3.5625, 9.06977, 0, 9.06977
3.5675, 9.05159, 0, 9.05159
3.5725, 9.0334, 0, 9.0334
3.5775, 9.01522, 0, 9.01522
3.5825, 8.99703, 0, 8.99703
3.5875, 8.97885, 0, 8.97885
3.5925, 8.96066, 0, 8.96066
3.5975, 8.94247, 0, 8.94247
3.6025, 8.92428, 0, 8.92428
3.6075, 8.90609, 0, 8.90609
3.6125, 8.88789, 0, 8.88789
3.6175, 8.86969, 0, 8.86969
3.6225, 8.85148, 0, 8.85148
3.6275, 8.83327, 0, 8.83327
3.6325, 8.81507, 0, 8.81507
3.6375, 8.79686, 0, 8.79686
3.6425, 8.77865, 0, 8.77865
3.6475, 8.76044, 0, 8.76044
3.6525, 8.74223, 0, 8.74223
3.6575, 8.72401, 0, 8.72401
3.6625, 8.7058, 0, 8.7058
3.6675, 8.68759, 0, 8.68759
3.6725, 8.66956, 0, 8.66956
3.6775, 8.65293, 0, 8.65293
3.6825, 8.6363, 0, 8.6363
3.6875, 8.61967, 0, 8.61967
3.6925, 8.60304, 0, 8.60304
3.6975, 8.58641, 0, 8.58641
3.7025, 8.56978, 0, 8.56978
3.7075, 8.55314, 0, 8.55314
3.7125, 8.53651, 0, 8.53651
3.7175, 8.51987, 0, 8.51987
3.7225, 8.50324, 0, 8.50324
3.7275, 8.4866, 0, 8.4866
3.7325, 8.46995, 0, 8.46995
3.7375, 8.4533, 0, 8.4533
3.7425, 8.43665, 0, 8.43665
3.7475, 8.42, 0, 8.42
3.7525, 8.40335, 0, 8.40335
3.7575, 8.3867, 0, 8.3867
3.7625, 8.37005, 0, 8.37005
3.7675, 8.35339, 0, 8.35339
3.7725, 8.33674, 0, 8.33674
3.7775, 8.32008, 0, 8.32008
3.7825, 8.30343, 0, 8.30343
3.7875, 8.28677, 0, 8.28677
3.7925, 8.2701, 0, 8.2701
3.7975, 8.25343, 0, 8.25343
3.8025, 8.23676, 0, 8.23676
3.8075, 8.2201, 0, 8.2201
3.8125, 8.20343, 0, 8.20343
3.8175, 8.18675, 0, 8.18675
3.8225, 8.17008, 0, 8.17008
3.8275, 8.15341, 0, 8.15341
3.8325, 8.13801, 0, 8.13801
3.8375, 8.12278, 0, 8.12278
3.8425, 8.10755, 0, 8.10755
3.8475, 8.09233, 0, 8.09233
3.8525, 8.07709, 0, 8.07709
3.8575, 8.06185, 0, 8.06185
3.8625, 8.04662, 0, 8.04662
3.8675, 8.03138, 0, 8.03138
3.8725, 8.01614, 0, 8.01614
3.8775, 8.0009, 0, 8.0009
3.8825, 7.98566, 0, 7.98566
3.8875, 7.97042, 0, 7.97042
3.8925, 7.95518, 0, 7.95518
3.8975, 7.93994, 0, 7.93994
3.9025, 7.92469, 0, 7.92469
3.9075, 7.90945, 0, 7.90945
3.9125, 7.8942, 0, 7.8942
3.9175, 7.87895, 0, 7.87895
3.9225, 7.8637, 0, 7.8637
3.9275, 7.84844, 0, 7.84844
3.9325, 7.83319, 0, 7.83319
3.9375, 7.81793, 0, 7.81793
3.9425, 7.80268, 0, 7.80268
3.9475, 7.78742, 0, 7.78742
3.9525, 7.77216, 0, 7.77216
3.9575, 7.7569, 0, 7.7569
3.9625, 7.74165, 0, 7.74165
3.9675, 7.72639, 0, 7.72639
3.9725, 7.71113, 0, 7.71113
3.9775, 7.69586, 0, 7.69586
3.9825, 7.68059, 0, 7.68059
3.9875, 7.66613, 0, 7.66613
3.9925, 7.65214, 0, 7.65214
3.9975, 7.63815, 0, 7.63815
4.0025, 7.62417, 0, 7.62417
4.0075, 7.61018, 0, 7.61018
4.0125, 7.59619, 0, 7.59619
4.0175, 7.5822, 0, 7.5822
4.0225, 7.56821, 0, 7.56821
4.0275, 7.55422, 0, 7.55422
4.0325, 7.54023, 0, 7.54023
4.0375, 7.52624, 0, 7.52624
4.0425, 7.51224, 0, 7.51224
4.0475, 7.49824, 0, 7.49824
4.0525, 7.48424, 0, 7.48424
4.0575, 7.47024, 0, 7.47024
4.0625, 7.45624, 0, 7.45624
4.0675, 7.44224, 0, 7.44224
4.0725, 7.42824, 0, 7.42824
4.0775, 7.41424, 0, 7.41424
4.0825, 7.40024, 0, 7.40024
4.0875, 7.38624, 0, 7.38624
4.0925, 7.37223, 0, 7.37223
4.0975, 7.35823, 0, 7.35823
4.1025, 7.34423, 0, 7.34423
4.1075, 7.33021, 0, 7.33021
4.1125, 7.3162, 0, 7.3162
4.1175, 7.30219, 0, 7.30219
4.1225, 7.28818, 0, 7.28818
4.1275, 7.27416, 0, 7.27416
4.1325, 7.26015, 0, 7.26015
4.1375, 7.24614, 0, 7.24614
4.1425, 7.23255, 0, 7.23255
4.1475, 7.21969, 0, 7.21969
4.1525, 7.20682, 0, 7.20682
4.1575, 7.19395, 0, 7.19395
4.1625, 7.18108, 0, 7.18108
4.1675, 7.16821, 0, 7.16821
4.1725, 7.15534, 0, 7.15534
4.1775, 7.14246, 0, 7.14246
4.1825, 7.12958, 0, 7.12958
4.1875, 7.11671, 0, 7.11671
4.1925, 7.10383, 0, 7.10383
4.1975, 7.09095, 0, 7.09095
4.2025, 7.07807, 0, 7.07807
4.2075, 7.06519, 0, 7.06519
4.2125, 7.05231, 0, 7.05231
4.2175, 7.03944, 0, 7.03944
4.2225, 7.02656, 0, 7.02656
4.2275, 7.01368, 0, 7.01368
4.2325, 7.0008, 0, 7.0008
4.2375, 6.98791, 0, 6.98791
4.2425, 6.97503, 0, 6.97503
4.2475, 6.96214, 0, 6.96214
4.2525, 6.94925, 0, 6.94925
4.2575, 6.93636, 0, 6.93636
4.2625, 6.92347, 0, 6.92347
4.2675, 6.91059, 0, 6.91059
4.2725, 6.8977, 0, 6.8977
4.2775, 6.88481, 0, 6.88481
4.2825, 6.87192, 0, 6.87192
4.2875, 6.85903, 0, 6.85903
4.2925, 6.84614, 0, 6.84614
4.2975, 6.83337, 0, 6.83337
4.3025, 6.82151, 0, 6.82151
4.3075, 6.80964, 0, 6.80964
4.3125, 6.79777, 0, 6.79777
4.3175, 6.7859, 0, 6.7859
4.3225, 6.77402, 0, 6.77402
4.3275, 6.76215, 0, 6.76215
4.3325, 6.75028, 0, 6.75028
4.3375, 6.7384, 0, 6.7384
4.3425, 6.72653, 0, 6.72653
4.3475, 6.71465, 0, 6.71465
4.3525, 6.70278, 0, 6.70278
4.3575, 6.69091, 0, 6.69091
4.3625, 6.67903, 0, 6.67903
4.3675, 6.66716, 0, 6.66716
4.3725, 6.65528, 0, 6.65528
4.3775, 6.6434, 0, 6.6434
4.3825, 6.63152, 0, 6.63152
4.3875, 6.61964, 0, 6.61964
4.3925, 6.60776, 0, 6.60776
4.3975, 6.59588, 0, 6.59588
4.4025, 6.58399, 0, 6.58399
4.4075, 6.57211, 0, 6.57211
4.4125, 6.56023, 0, 6.56023
4.4175, 6.54834, 0, 6.54834
4.4225, 6.53646, 0, 6.53646
4.4275, 6.52458, 0, 6.52458
4.4325, 6.51269, 0, 6.51269
4.4375, 6.50081, 0, 6.50081
4.4425, 6.48893, 0, 6.48893
4.4475, 6.47704, 0, 6.47704
4.4525, 6.46515, 0, 6.46515
4.4575, 6.45407, 0, 6.45407
4.4625, 6.44311, 0, 6.44311
4.4675, 6.43215, 0, 6.43215
4.4725, 6.42119, 0, 6.42119
4.4775, 6.41022, 0, 6.41022
4.4825, 6.39926, 0, 6.39926
4.4875, 6.3883, 0, 6.3883
4.4925, 6.37734, 0, 6.37734
4.4975, 6.36637, 0, 6.36637
4.5025, 6.35541, 0, 6.35541
4.5075, 6.34445, 0, 6.34445
4.5125, 6.33348, 0, 6.33348
4.5175, 6.32252, 0, 6.32252
4.5225, 6.31155, 0, 6.31155
4.5275, 6.30058, 0, 6.30058
4.5325, 6.28961, 0, 6.28961
4.5375, 6.27864, 0, 6.27864
4.5425, 6.26767, 0, 6.26767
4.5475, 6.2567, 0, 6.2567
4.5525, 6.24573, 0, 6.24573
4.5575, 6.23476, 0, 6.23476
4.5625, 6.22379, 0, 6.22379
4.5675, 6.21282, 0, 6.21282
4.5725, 6.20185, 0, 6.20185
4.5775, 6.19088, 0, 6.19088
4.5825, 6.17991, 0, 6.17991
4.5875, 6.16894, 0, 6.16894
4.5925, 6.15797, 0, 6.15797
4.5975, 6.14699, 0, 6.14699
4.6025, 6.13601, 0, 6.13601
4.6075, 6.12504, 0, 6.12504
4.6125, 6.11458, 0, 6.11458
4.6175, 6.10445, 0, 6.10445
4.6225, 6.09431, 0, 6.09431
4.6275, 6.08417, 0, 6.08417
4.6325, 6.07403, 0, 6.07403
4.6375, 6.06389, 0, 6.06389
4.6425, 6.05375, 0, 6.05375
4.6475, 6.04361, 0, 6.04361
4.6525, 6.03347, 0, 6.03347
4.6575, 6.02333, 0, 6.02333
4.6625, 6.01319, 0, 6.01319
4.6675, 6.00305, 0, 6.00305
4.6725, 5.9929, 0, 5.9929
4.6775, 5.98276, 0, 5.98276
4.6825, 5.97261, 0, 5.97261
4.6875, 5.96247, 0, 5.96247
4.6925, 5.95232, 0, 5.95232
4.6975, 5.94218, 0, 5.94218
4.7025, 5.93203, 0, 5.93203
4.7075, 5.92188, 0, 5.92188
4.7125, 5.91174, 0, 5.91174
4.7175, 5.90159, 0, 5.90159
4.7225, 5.89145, 0, 5.89145
4.7275, 5.8813, 0, 5.8813
4.7325, 5.87115, 0, 5.87115
4.7375, 5.86101, 0, 5.86101
4.7425, 5.85086, 0, 5.85086
4.7475, 5.84071, 0, 5.84071
4.7525, 5.83056, 0, 5.83056
4.7575, 5.82041, 0, 5.82041
4.7625, 5.81026, 0, 5.81026
4.7675, 5.80039, 0, 5.80039
4.7725, 5.79099, 0, 5.79099
4.7775, 5.7816, 0, 5.7816
4.7825, 5.7722, 0, 5.7722
4.7875, 5.76281, 0, 5.76281
4.7925, 5.75341, 0, 5.75341
4.7975, 5.74402, 0, 5.74402
4.8025, 5.73462, 0, 5.73462
4.8075, 5.72522, 0, 5.72522
4.8125, 5.71583, 0, 5.71583
4.8175, 5.70643, 0, 5.70643
4.8225, 5.69703, 0, 5.69703
4.8275, 5.68763, 0, 5.68763
4.8325, 5.67823, 0, 5.67823
4.8375, 5.66883, 0, 5.66883
4.8425, 5.65943, 0, 5.65943
4.8475, 5.65003, 0, 5.65003
4.8525, 5.64063, 0, 5.64063
4.8575, 5.63123, 0, 5.63123
4.8625, 5.62183, 0, 5.62183
4.8675, 5.61243, 0, 5.61243
4.8725, 5.60303, 0, 5.60303
4.8775, 5.59362, 0, 5.59362
4.8825, 5.58422, 0, 5.58422
4.8875, 5.57482, 0, 5.57482
4.8925, 5.56542, 0, 5.56542
4.8975, 5.55602, 0, 5.55602
4.9025, 5.54661, 0, 5.54661
4.9075, 5.53721, 0, 5.53721
4.9125, 5.5278, 0, 5.5278
4.9175, 5.5184, 0, 5.5184
4.9225, 5.50908, 0, 5.50908
4.9275, 5.50036, 0, 5.50036
4.9325, 5.49164, 0, 5.49164
4.9375, 5.48292, 0, 5.48292
4.9425, 5.4742, 0, 5.4742
4.9475, 5.46548, 0, 5.46548
4.9525, 5.45677, 0, 5.45677
4.9575, 5.44805, 0, 5.44805
4.9625, 5.43933, 0, 5.43933
4.9675, 5.43061, 0, 5.43061
4.9725, 5.42189, 0, 5.42189
4.9775, 5.41317, 0, 5.41317
4.9825, 5.40444, 0, 5.40444
4.9875, 5.39572, 0, 5.39572
4.9925, 5.387, 0, 5.387
4.9975, 5.37828, 0, 5.37828
5.0025, 5.36955, 0, 5.36955
5.0075, 5.36083, 0, 5.36083
5.0125, 5.35211, 0, 5.35211
5.0175, 5.34338, 0, 5.34338
5.0225, 5.33466, 0, 5.33466
5.0275, 5.32594, 0, 5.32594
5.0325, 5.31721, 0, 5.31721
5.0375, 5.30849, 0, 5.30849
5.0425, 5.29977, 0, 5.29977
5.0475, 5.29104, 0, 5.29104
5.0525, 5.28232, 0, 5.28232
5.0575, 5.27359, 0, 5.27359
5.0625, 5.26487, 0, 5.26487
5.0675, 5.25614, 0, 5.25614
5.0725, 5.24741, 0, 5.24741
5.0775, 5.23869, 0, 5.23869
5.0825, 5.23051, 0, 5.23051
5.0875, 5.22241, 0, 5.22241
5.0925, 5.21431, 0, 5.21431
5.0975, 5.20621, 0, 5.20621
5.1025, 5.19812, 0, 5.19812
5.1075, 5.19002, 0, 5.19002
5.1125, 5.18192, 0, 5.18192
5.1175, 5.17382, 0, 5.17382
5.1225, 5.16572, 0, 5.16572
5.1275, 5.15762, 0, 5.15762
5.1325, 5.14952, 0, 5.14952
5.1375, 5.14142, 0, 5.14142
5.1425, 5.13332, 0, 5.13332
5.1475, 5.12522, 0, 5.12522
5.1525, 5.11712, 0, 5.11712
5.1575, 5.10901, 0, 5.10901
5.1625, 5.10091, 0, 5.10091
5.1675, 5.09281, 0, 5.09281
5.1725, 5.08471, 0, 5.08471
5.1775, 5.0766, 0, 5.0766
5.1825, 5.0685, 0, 5.0685
5.1875, 5.0604, 0, 5.0604
5.1925, 5.0523, 0, 5.0523
5.1975, 5.04419, 0, 5.04419
5.2025, 5.03609, 0, 5.03609
5.2075, 5.02799, 0, 5.02799
5.2125, 5.01988, 0, 5.01988
5.2175, 5.01178, 0, 5.01178
5.2225, 5.00368, 0, 5.00368
5.2275, 4.99557, 0, 4.99557
5.2325, 4.98747, 0, 4.98747
5.2375, 4.97972, 0, 4.97972
5.2425, 4.97219, 0, 4.97219
5.2475, 4.96466, 0, 4.96466
5.2525, 4.95712, 0, 4.95712
5.2575, 4.94959, 0, 4.94959
5.2625, 4.94206, 0, 4.94206
5.2675, 4.93453, 0, 4.93453
5.2725, 4.92699, 0, 4.92699
5.2775, 4.91946, 0, 4.91946
5.2825, 4.91193, 0, 4.91193
5.2875, 4.90439, 0, 4.90439
5.2925, 4.89686, 0, 4.89686
5.2975, 4.88933, 0, 4.88933
5.3025, 4.8818, 0, 4.8818
5.3075, 4.87426, 0, 4.87426
5.3125, 4.86673, 0, 4.86673
5.3175, 4.85919, 0, 4.85919
5.3225, 4.85166, 0, 4.85166
5.3275, 4.84412, 0, 4.84412
5.3325, 4.83659, 0, 4.83659
5.3375, 4.82905, 0, 4.82905
5.3425, 4.82151, 0, 4.82151
5.3475, 4.81398, 0, 4.81398
5.3525, 4.80644, 0, 4.80644
5.3575, 4.79891, 0, 4.79891
5.3625, 4.79137, 0, 4.79137
5.3675, 4.78384, 0, 4.78384
5.3725, 4.7763, 0, 4.7763
5.3775, 4.76876, 0, 4.76876
5.3825, 4.76123, 0, 4.76123
5.3875, 4.75369, 0, 4.75369
5.3925, 4.74635, 0, 4.74635
5.3975, 4.73934, 0, 4.73934
5.4025, 4.73233, 0, 4.73233
5.4075, 4.72532, 0, 4.72532
5.4125, 4.71831, 0, 4.71831
5.4175, 4.7113, 0, 4.7113
5.4225, 4.70429, 0, 4.70429
5.4275, 4.69728, 0, 4.69728
5.4325, 4.69027, 0, 4.69027
5.4375, 4.68325, 0, 4.68325
5.4425, 4.67624, 0, 4.67624
5.4475, 4.66923, 0, 4.66923
5.4525, 4.66222, 0, 4.66222
5.4575, 4.65521, 0, 4.65521
5.4625, 4.6482, 0, 4.6482
5.4675, 4.64119, 0, 4.64119
5.4725, 4.63418, 0, 4.63418
5.4775, 4.62716, 0, 4.62716
5.4825, 4.62015, 0, 4.62015
5.4875, 4.61314, 0, 4.61314
5.4925, 4.60612, 0, 4.60612
5.4975, 4.59911, 0, 4.59911
5.5025, 4.5921, 0, 4.5921
5.5075, 4.58508, 0, 4.58508
5.5125, 4.57807, 0, 4.57807
5.5175, 4.57106, 0, 4.57106
5.5225, 4.56404, 0, 4.56404
5.5275, 4.55703, 0, 4.55703
5.5325, 4.55002, 0, 4.55002
5.5375, 4.543, 0, 4.543
5.5425, 4.53599, 0, 4.53599
5.5475, 4.52903, 0, 4.52903
5.5525, 4.5225, 0, 4.5225
5.5575, 4.51597, 0, 4.51597
5.5625, 4.50943, 0, 4.50943
5.5675, 4.5029, 0, 4.5029
5.5725, 4.49636, 0, 4.49636
5.5775, 4.48983, 0, 4.48983
5.5825, 4.48329, 0, 4.48329
5.5875, 4.47675, 0, 4.47675
5.5925, 4.47022, 0, 4.47022
5.5975, 4.46368, 0, 4.46368
5.6025, 4.45715, 0, 4.45715
5.6075, 4.45061, 0, 4.45061
5.6125, 4.44408, 0, 4.44408
5.6175, 4.43754, 0, 4.43754
5.6225, 4.431, 0, 4.431
5.6275, 4.42447, 0, 4.42447
5.6325, 4.41793, 0, 4.41793
5.6375, 4.41139, 0, 4.41139
5.6425, 4.40486, 0, 4.40486
5.6475, 4.39832, 0, 4.39832
5.6525, 4.39179, 0, 4.39179
5.6575, 4.38525, 0, 4.38525
5.6625, 4.37871, 0, 4.37871
5.6675, 4.37217, 0, 4.37217
5.6725, 4.36563, 0, 4.36563
5.6775, 4.3591, 0, 4.3591
5.6825, 4.35256, 0, 4.35256
5.6875, 4.34602, 0, 4.34602
5.6925, 4.33948, 0, 4.33948
5.6975, 4.33294, 0, 4.33294
5.7025, 4.32641, 0, 4.32641
5.7075, 4.32025, 0, 4.32025
5.7125, 4.31416, 0, 4.31416
5.7175, 4.30806, 0, 4.30806
5.7225, 4.30196, 0, 4.30196
5.7275, 4.29587, 0, 4.29587
5.7325, 4.28977, 0, 4.28977
5.7375, 4.28367, 0, 4.28367
5.7425, 4.27758, 0, 4.27758
5.7475, 4.27148, 0, 4.27148
5.7525, 4.26538, 0, 4.26538
5.7575, 4.25928, 0, 4.25928
5.7625, 4.25319, 0, 4.25319
5.7675, 4.24709, 0, 4.24709
5.7725, 4.24099, 0, 4.24099
5.7775, 4.23489, 0, 4.23489
5.7825, 4.22879, 0, 4.22879
5.7875, 4.22269, 0, 4.22269
5.7925, 4.2166, 0, 4.2166
5.7975, 4.2105, 0, 4.2105
5.8025, 4.2044, 0, 4.2044
5.8075, 4.1983, 0, 4.1983
5.8125, 4.1922, 0, 4.1922
5.8175, 4.1861, 0, 4.1861
5.8225, 4.18, 0, 4.18
5.8275, 4.17391, 0, 4.17391
5.8325, 4.16781, 0, 4.16781
5.8375, 4.16171, 0, 4.16171
5.8425, 4.15561, 0, 4.15561
5.8475, 4.14951, 0, 4.14951
5.8525, 4.14341, 0, 4.14341
5.8575, 4.13731, 0, 4.13731
5.8625, 4.13146, 0, 4.13146
5.8675, 4.12577, 0, 4.12577
5.8725, 4.12008, 0, 4.12008
5.8775, 4.11439, 0, 4.11439
5.8825, 4.1087, 0, 4.1087
5.8875, 4.10301, 0, 4.10301
5.8925, 4.09732, 0, 4.09732
5.8975, 4.09163, 0, 4.09163
5.9025, 4.08593, 0, 4.08593
5.9075, 4.08024, 0, 4.08024
5.9125, 4.07455, 0, 4.07455
5.9175, 4.06886, 0, 4.06886
5.9225, 4.06317, 0, 4.06317
5.9275, 4.05748, 0, 4.05748
5.9325, 4.05178, 0, 4.05178
5.9375, 4.04609, 0, 4.04609
5.9425, 4.0404, 0, 4.0404
5.9475, 4.03471, 0, 4.03471
5.9525, 4.02901, 0, 4.02901
5.9575, 4.02332, 0, 4.02332
5.9625, 4.01763, 0, 4.01763
5.9675, 4.01194, 0, 4.01194
5.9725, 4.00624, 0, 4.00624
5.9775, 4.00055, 0, 4.00055
5.9825, 3.99486, 0, 3.99486
5.9875, 3.98916, 0, 3.98916
5.9925, 3.98347, 0, 3.98347
5.9975, 3.97778, 0, 3.97778
6.0025, 3.97209, 0, 3.97209
6.0075, 3.96639, 0, 3.96639
6.0125, 3.9607, 0, 3.9607
6.0175, 3.95515, 0, 3.95515
6.0225, 3.94983, 0, 3.94983
6.0275, 3.94451, 0, 3.94451
6.0325, 3.9392, 0, 3.9392
6.0375, 3.93388, 0, 3.93388
6.0425, 3.92856, 0, 3.92856
6.0475, 3.92324, 0, 3.92324
6.0525, 3.91793, 0, 3.91793
6.0575, 3.91261, 0, 3.91261
6.0625, 3.90729, 0, 3.90729
6.0675, 3.90197, 0, 3.90197
6.0725, 3.89666, 0, 3.89666
6.0775, 3.89134, 0, 3.89134
6.0825, 3.88602, 0, 3.88602
6.0875, 3.8807, 0, 3.8807
6.0925, 3.87539, 0, 3.87539
6.0975, 3.87007, 0, 3.87007
6.1025, 3.86475, 0, 3.86475
6.1075, 3.85943, 0, 3.85943
6.1125, 3.85411, 0, 3.85411
6.1175, 3.8488, 0, 3.8488
6.1225, 3.84348, 0, 3.84348
6.1275, 3.83816, 0, 3.83816
6.1325, 3.83284, 0, 3.83284
6.1375, 3.82752, 0, 3.82752
6.1425, 3.8222, 0, 3.8222
6.1475, 3.81688, 0, 3.81688
6.1525, 3.81156, 0, 3.81156
6.1575, 3.80625, 0, 3.80625
6.1625, 3.80093, 0, 3.80093
6.1675, 3.79561, 0, 3.79561
6.1725, 3.79033, 0, 3.79033
6.1775, 3.78536, 0, 3.78536
6.1825, 3.78039, 0, 3.78039
6.1875, 3.77542, 0, 3.77542
6.1925, 3.77045, 0, 3.77045
6.1975, 3.76547, 0, 3.76547
6.2025, 3.7605, 0, 3.7605
6.2075, 3.75553, 0, 3.75553
6.2125, 3.75056, 0, 3.75056
6.2175, 3.74559, 0, 3.74559
6.2225, 3.74062, 0, 3.74062
6.2275, 3.73564, 0, 3.73564
6.2325, 3.73067, 0, 3.73067
6.2375, 3.7257, 0, 3.7257
6.2425, 3.72073, 0, 3.72073
6.2475, 3.71575, 0, 3.71575
6.2525, 3.71078, 0, 3.71078
6.2575, 3.70581, 0, 3.70581
6.2625, 3.70084, 0, 3.70084
6.2675, 3.69586, 0, 3.69586
6.2725, 3.69089, 0, 3.69089
6.2775, 3.68592, 0, 3.68592
6.2825, 3.68095, 0, 3.68095
6.2875, 3.67597, 0, 3.67597
6.2925, 3.671, 0, 3.671
6.2975, 3.66603, 0, 3.66603
6.3025, 3.66105, 0, 3.66105
6.3075, 3.65608, 0, 3.65608
6.3125, 3.65111, 0, 3.65111
6.3175, 3.64613, 0, 3.64613
6.3225, 3.64116, 0, 3.64116
6.3275, 3.63619, 0, 3.63619
6.3325, 3.6315, 0, 3.6315
6.3375, 3.62685, 0, 3.62685
6.3425, 3.62219, 0, 3.62219
6.3475, 3.61754, 0, 3.61754
6.3525, 3.61289, 0, 3.61289
6.3575, 3.60824, 0, 3.60824
6.3625, 3.60359, 0, 3.60359
6.3675, 3.59894, 0, 3.59894
6.3725, 3.59428, 0, 3.59428
6.3775, 3.58963, 0, 3.58963
6.3825, 3.58498, 0, 3.58498
6.3875, 3.58033, 0, 3.58033
6.3925, 3.57568, 0, 3.57568
6.3975, 3.57103, 0, 3.57103
6.4025, 3.56637, 0, 3.56637
6.4075, 3.56172, 0, 3.56172
6.4125, 3.55707, 0, 3.55707
6.4175, 3.55242, 0, 3.55242
6.4225, 3.54777, 0, 3.54777
6.4275, 3.54312, 0, 3.54312
6.4325, 3.53846, 0, 3.53846
6.4375, 3.53381, 0, 3.53381
6.4425, 3.52916, 0, 3.52916
6.4475, 3.52451, 0, 3.52451
6.4525, 3.51985, 0, 3.51985
6.4575, 3.5152, 0, 3.5152
6.4625, 3.51055, 0, 3.51055
6.4675, 3.5059, 0, 3.5059
6.4725, 3.50124, 0, 3.50124
6.4775, 3.49659, 0, 3.49659
6.4825, 3.49194, 0, 3.49194
6.4875, 3.48747, 0, 3.48747
6.4925, 3.48312, 0, 3.48312
6.4975, 3.47876, 0, 3.47876
6.5025, 3.47441, 0, 3.47441
6.5075, 3.47006, 0, 3.47006
6.5125, 3.4657, 0, 3.4657
6.5175, 3.46135, 0, 3.46135
6.5225, 3.457, 0, 3.457
6.5275, 3.45264, 0, 3.45264
6.5325, 3.44829, 0, 3.44829
6.5375, 3.44394, 0, 3.44394
6.5425, 3.43958, 0, 3.43958
6.5475, 3.43523, 0, 3.43523
6.5525, 3.43087, 0, 3.43087
6.5575, 3.42652, 0, 3.42652
6.5625, 3.42217, 0, 3.42217
6.5675, 3.41781, 0, 3.41781
6.5725, 3.41346, 0, 3.41346
6.5775, 3.4091, 0, 3.4091
6.5825, 3.40475, 0, 3.40475
6.5875, 3.40039, 0, 3.40039
6.5925, 3.39604, 0, 3.39604
6.5975, 3.39169, 0, 3.39169
6.6025, 3.38733, 0, 3.38733
6.6075, 3.38298, 0, 3.38298
6.6125, 3.37862, 0, 3.37862
6.6175, 3.37427, 0, 3.37427
6.6225, 3.36991, 0, 3.36991
6.6275, 3.36556, 0, 3.36556
6.6325, 3.36121, 0, 3.36121
6.6375, 3.35685, 0, 3.35685
6.6425, 3.3526, 0, 3.3526
6.6475, 3.34852, 0, 3.34852
6.6525, 3.34445, 0, 3.34445
6.6575, 3.34037, 0, 3.34037
6.6625, 3.33629, 0, 3.33629
6.6675, 3.33222, 0, 3.33222
6.6725, 3.32814, 0, 3.32814
6.6775, 3.32406, 0, 3.32406
6.6825, 3.31999, 0, 3.31999
6.6875, 3.31591, 0, 3.31591
6.6925, 3.31183, 0, 3.31183
6.6975, 3.30776, 0, 3.30776
6.7025, 3.30368, 0, 3.30368
6.7075, 3.2996, 0, 3.2996
6.7125, 3.29553, 0, 3.29553
6.7175, 3.29145, 0, 3.29145
6.7225, 3.28737, 0, 3.28737
6.7275, 3.2833, 0, 3.2833
6.7325, 3.27922, 0, 3.27922
6.7375, 3.27514, 0, 3.27514
6.7425, 3.27106, 0, 3.27106
6.7475, 3.26699, 0, 3.26699
6.7525, 3.26291, 0, 3.26291
6.7575, 3.25883, 0, 3.25883
6.7625, 3.25476, 0, 3.25476
6.7675, 3.25068, 0, 3.25068
6.7725, 3.2466, 0, 3.2466
6.7775, 3.24252, 0, 3.24252
6.7825, 3.23845, 0, 3.23845
6.7875, 3.23437, 0, 3.23437
6.7925, 3.23029, 0, 3.23029
6.7975, 3.22624, 0, 3.22624
6.8025, 3.22243, 0, 3.22243
6.8075, 3.21861, 0, 3.21861
6.8125, 3.21479, 0, 3.21479
6.8175, 3.21097, 0, 3.21097
6.8225, 3.20715, 0, 3.20715
6.8275, 3.20333, 0, 3.20333
6.8325, 3.19951, 0, 3.19951
6.8375, 3.19569, 0, 3.19569
6.8425, 3.19188, 0, 3.19188
6.8475, 3.18806, 0, 3.18806
6.8525, 3.18424, 0, 3.18424
6.8575, 3.18042, 0, 3.18042
6.8625, 3.1766, 0, 3.1766
6.8675, 3.17278, 0, 3.17278
6.8725, 3.16896, 0, 3.16896
6.8775, 3.16514, 0, 3.16514
6.8825, 3.16132, 0, 3.16132
6.8875, 3.1575, 0, 3.1575
6.8925, 3.15368, 0, 3.15368
6.8975, 3.14986, 0, 3.14986
6.9025, 3.14604, 0, 3.14604
6.9075, 3.14222, 0, 3.14222
6.9125, 3.1384, 0, 3.1384
6.9175, 3.13458, 0, 3.13458
6.9225, 3.13077, 0, 3.13077
6.9275, 3.12695, 0, 3.12695
6.9325, 3.12313, 0, 3.12313
6.9375, 3.11931, 0, 3.11931
6.9425, 3.11549, 0, 3.11549
6.9475, 3.11167, 0, 3.11167
6.9525, 3.10785, 0, 3.10785
6.9575, 3.10424, 0, 3.10424
6.9625, 3.10066, 0, 3.10066
6.9675, 3.09708, 0, 3.09708
6.9725, 3.0935, 0, 3.0935
6.9775, 3.08993, 0, 3.08993
6.9825, 3.08635, 0, 3.08635
6.9875, 3.08277, 0, 3.08277
6.9925, 3.07919, 0, 3.07919
6.9975, 3.07561, 0, 3.07561
7.0025, 3.07203, 0, 3.07203
7.0075, 3.06846, 0, 3.06846
7.0125, 3.06488, 0, 3.06488
7.0175, 3.0613, 0, 3.0613
7.0225, 3.05772, 0, 3.05772
7.0275, 3.05414, 0, 3.05414
7.0325, 3.05056, 0, 3.05056
7.0375, 3.04698, 0, 3.04698
7.0425, 3.04341, 0, 3.04341
7.0475, 3.03983, 0, 3.03983
7.0525, 3.03625, 0, 3.03625
7.0575, 3.03267, 0, 3.03267
7.0625, 3.02909, 0, 3.02909
7.0675, 3.02551, 0, 3.02551
7.0725, 3.02193, 0, 3.02193
7.0775, 3.01835, 0, 3.01835
7.0825, 3.01478, 0, 3.01478
7.0875, 3.0112, 0, 3.0112
7.0925, 3.00762, 0, 3.00762
7.0975, 3.00404, 0, 3.00404
7.1025, 3.00046, 0, 3.00046
7.1075, 2.99688, 0, 2.99688
7.1125, 2.99344, 0, 2.99344
7.1175, 2.99009, 0, 2.99009
7.1225, 2.98674, 0, 2.98674
7.1275, 2.98338, 0, 2.98338
7.1325, 2.98003, 0, 2.98003
7.1375, 2.97667, 0, 2.97667
7.1425, 2.97332, 0, 2.97332
7.1475, 2.96997, 0, 2.96997
7.1525, 2.96661, 0, 2.96661
7.1575, 2.96326, 0, 2.96326
7.1625, 2.95991, 0, 2.95991
7.1675, 2.95655, 0, 2.95655
7.1725, 2.9532, 0, 2.9532
7.1775, 2.94985, 0, 2.94985
7.1825, 2.94649, 0, 2.94649
7.1875, 2.94314, 0, 2.94314
7.1925, 2.93978, 0, 2.93978
7.1975, 2.93643, 0, 2.93643
7.2025, 2.93308, 0, 2.93308
7.2075, 2.92972, 0, 2.92972
7.2125, 2.92637, 0, 2.92637
7.2175, 2.92301, 0, 2.92301
7.2225, 2.91966, 0, 2.91966
7.2275, 2.91631, 0, 2.91631
7.2325, 2.91295, 0, 2.91295
7.2375, 2.9096, 0, 2.9096
7.2425, 2.90624, 0, 2.90624
7.2475, 2.90289, 0, 2.90289
7.2525, 2.89954, 0, 2.89954
7.2575, 2.89618, 0, 2.89618
7.2625, 2.89283, 0, 2.89283
7.2675, 2.88955, 0, 2.88955
7.2725, 2.88641, 0, 2.88641
7.2775, 2.88327, 0, 2.88327
7.2825, 2.88012, 0, 2.88012
7.2875, 2.87698, 0, 2.87698
7.2925, 2.87384, 0, 2.87384
7.2975, 2.87069, 0, 2.87069
7.3025, 2.86755, 0, 2.86755
7.3075, 2.86441, 0, 2.86441
7.3125, 2.86126, 0, 2.86126
7.3175, 2.85812, 0, 2.85812
7.3225, 2.85498, 0, 2.85498
7.3275, 2.85183, 0, 2.85183
7.3325, 2.84869, 0, 2.84869
7.3375, 2.84555, 0, 2.84555
7.3425, 2.8424, 0, 2.8424
7.3475, 2.83926, 0, 2.83926
7.3525, 2.83612, 0, 2.83612
7.3575, 2.83297, 0, 2.83297
7.3625, 2.82983, 0, 2.82983
7.3675, 2.82669, 0, 2.82669
7.3725, 2.82354, 0, 2.82354
7.3775, 2.8204, 0, 2.8204
7.3825, 2.81726, 0, 2.81726
7.3875, 2.81411, 0, 2.81411
7.3925, 2.81097, 0, 2.81097
7.3975, 2.80783, 0, 2.80783
7.4025, 2.80468, 0, 2.80468
7.4075, 2.80154, 0, 2.80154
7.4125, 2.79839, 0, 2.79839
7.4175, 2.79525, 0, 2.79525
7.4225, 2.79213, 0, 2.79213
7.4275, 2.78919, 0, 2.78919
7.4325, 2.78624, 0, 2.78624
7.4375, 2.78329, 0, 2.78329
7.4425, 2.78035, 0, 2.78035
7.4475, 2.7774, 0, 2.7774
7.4525, 2.77445, 0, 2.77445
7.4575, 2.77151, 0, 2.77151
7.4625, 2.76856, 0, 2.76856
7.4675, 2.76561, 0, 2.76561
7.4725, 2.76267, 0, 2.76267
7.4775, 2.75972, 0, 2.75972
7.4825, 2.75677, 0, 2.75677
7.4875, 2.75382, 0, 2.75382
7.4925, 2.75088, 0, 2.75088
7.4975, 2.74793, 0, 2.74793
7.5025, 2.74498, 0, 2.74498
7.5075, 2.74204, 0, 2.74204
7.5125, 2.73909, 0, 2.73909
7.5175, 2.73614, 0, 2.73614
7.5225, 2.7332, 0, 2.7332
7.5275, 2.73025, 0, 2.73025
7.5325, 2.7273, 0, 2.7273
7.5375, 2.72436, 0, 2.72436
7.5425, 2.72141, 0, 2.72141
7.5475, 2.71846, 0, 2.71846
7.5525, 2.71552, 0, 2.71552
7.5575, 2.71257, 0, 2.71257
7.5625, 2.70962, 0, 2.70962
7.5675, 2.70667, 0, 2.70667
7.5725, 2.70373, 0, 2.70373
7.5775, 2.70078, 0, 2.70078
7.5825, 2.698, 0, 2.698
7.5875, 2.69523, 0, 2.69523
7.5925, 2.69247, 0, 2.69247
7.5975, 2.68971, 0, 2.68971
7.6025, 2.68695, 0, 2.68695
7.6075, 2.68419, 0, 2.68419
7.6125, 2.68143, 0, 2.68143
7.6175, 2.67866, 0, 2.67866
7.6225, 2.6759, 0, 2.6759
7.6275, 2.67314, 0, 2.67314
7.6325, 2.67038, 0, 2.67038
7.6375, 2.66762, 0, 2.66762
7.6425, 2.66486, 0, 2.66486
7.6475, 2.6621, 0, 2.6621
7.6525, 2.65933, 0, 2.65933
7.6575, 2.65657, 0, 2.65657
7.6625, 2.65381, 0, 2.65381
7.6675, 2.65105, 0, 2.65105
7.6725, 2.64829, 0, 2.64829
7.6775, 2.64553, 0, 2.64553
7.6825, 2.64276, 0, 2.64276
7.6875, 2.64, 0, 2.64
7.6925, 2.63724, 0, 2.63724
7.6975, 2.63448, 0, 2.63448
7.7025, 2.63172, 0, 2.63172
7.7075, 2.62895, 0, 2.62895
7.7125, 2.62619, 0, 2.62619
7.7175, 2.62343, 0, 2.62343
7.7225, 2.62067, 0, 2.62067
7.7275, 2.61791, 0, 2.61791
7.7325, 2.61514, 0, 2.61514
7.7375, 2.61249, 0, 2.61249
7.7425, 2.6099, 0, 2.6099
7.7475, 2.60732, 0, 2.60732
7.7525, 2.60473, 0, 2.60473
7.7575, 2.60214, 0, 2.60214
7.7625, 2.59955, 0, 2.59955
7.7675, 2.59696, 0, 2.59696
7.7725, 2.59437, 0, 2.59437
7.7775, 2.59179, 0, 2.59179
7.7825, 2.5892, 0, 2.5892
7.7875, 2.58661, 0, 2.58661
7.7925, 2.58402, 0, 2.58402
7.7975, 2.58143, 0, 2.58143
7.8025, 2.57885, 0, 2.57885
7.8075, 2.57626, 0, 2.57626
7.8125, 2.57367, 0, 2.57367
7.8175, 2.57108, 0, 2.57108
7.8225, 2.56849, 0, 2.56849
7.8275, 2.5659, 0, 2.5659
7.8325, 2.56332, 0, 2.56332
7.8375, 2.56073, 0, 2.56073
7.8425, 2.55814, 0, 2.55814
7.8475, 2.55555, 0, 2.55555
7.8525, 2.55296, 0, 2.55296
7.8575, 2.55037, 0, 2.55037
7.8625, 2.54779, 0, 2.54779
7.8675, 2.5452, 0, 2.5452
7.8725, 2.54261, 0, 2.54261
7.8775, 2.54002, 0, 2.54002
7.8825, 2.53743, 0, 2.53743
7.8875, 2.53484, 0, 2.53484
7.8925, 2.53232, 0, 2.53232
7.8975, 2.52989, 0, 2.52989
7.9025, 2.52747, 0, 2.52747
7.9075, 2.52504, 0, 2.52504
7.9125, 2.52262, 0, 2.52262
7.9175, 2.52019, 0, 2.52019
7.9225, 2.51777, 0, 2.51777
7.9275, 2.51534, 0, 2.51534
7.9325, 2.51292, 0, 2.51292
7.9375, 2.51049, 0, 2.51049
7.9425, 2.50807, 0, 2.50807
7.9475, 2.50564, 0, 2.50564
7.9525, 2.50322, 0, 2.50322
7.9575, 2.50079, 0, 2.50079
7.9625, 2.49837, 0, 2.49837
7.9675, 2.49594, 0, 2.49594
7.9725, 2.49352, 0, 2.49352
7.9775, 2.49109, 0, 2.49109
7.9825, 2.48867, 0, 2.48867
7.9875, 2.48624, 0, 2.48624
7.9925, 2.48382, 0, 2.48382
7.9975, 2.48139, 0, 2.48139
8.0025, 2.47897, 0, 2.47897
8.0075, 2.47654, 0, 2.47654
8.0125, 2.47412, 0, 2.47412
8.0175, 2.47169, 0, 2.47169
8.0225, 2.46927, 0, 2.46927
8.0275, 2.46684, 0, 2.46684
8.0325, 2.46442, 0, 2.46442
8.0375, 2.46199, 0, 2.46199
8.0425, 2.45957, 0, 2.45957
8.0475, 2.45716, 0, 2.45716
8.0525, 2.45489, 0, 2.45489
8.0575, 2.45262, 0, 2.45262
8.0625, 2.45034, 0, 2.45034
8.0675, 2.44807, 0, 2.44807
8.0725, 2.4458, 0, 2.4458
8.0775, 2.44353, 0, 2.44353
8.0825, 2.44126, 0, 2.44126
8.0875, 2.43899, 0, 2.43899
8.0925, 2.43671, 0, 2.43671
8.0975, 2.43444, 0, 2.43444
8.1025, 2.43217, 0, 2.43217
8.1075, 2.4299, 0, 2.4299
8.1125, 2.42763, 0, 2.42763
8.1175, 2.42536, 0, 2.42536
8.1225, 2.42308, 0, 2.42308
8.1275, 2.42081, 0, 2.42081
8.1325, 2.41854, 0, 2.41854
8.1375, 2.41627, 0, 2.41627
8.1425, 2.414, 0, 2.414
8.1475, 2.41173, 0, 2.41173
8.1525, 2.40945, 0, 2.40945
8.1575, 2.40718, 0, 2.40718
8.1625, 2.40491, 0, 2.40491
8.1675, 2.40264, 0, 2.40264
8.1725, 2.40037, 0, 2.40037
8.1775, 2.39809, 0, 2.39809
8.1825, 2.39582, 0, 2.39582
8.1875, 2.39355, 0, 2.39355
8.1925, 2.39128, 0, 2.39128
8.1975, 2.38901, 0, 2.38901
8.2025, 2.38673, 0, 2.38673
8.2075, 2.38459, 0, 2.38459
8.2125, 2.38246, 0, 2.38246
8.2175, 2.38034, 0, 2.38034
8.2225, 2.37821, 0, 2.37821
8.2275, 2.37608, 0, 2.37608
8.2325, 2.37395, 0, 2.37395
8.2375, 2.37183, 0, 2.37183
8.2425, 2.3697, 0, 2.3697
8.2475, 2.36757, 0, 2.36757
8.2525, 2.36545, 0, 2.36545
8.2575, 2.36332, 0, 2.36332
8.2625, 2.36119, 0, 2.36119
8.2675, 2.35907, 0, 2.35907
8.2725, 2.35694, 0, 2.35694
8.2775, 2.35481, 0, 2.35481
8.2825, 2.35268, 0, 2.35268
8.2875, 2.35056, 0, 2.35056
8.2925, 2.34843, 0, 2.34843
8.2975, 2.3463, 0, 2.3463
8.3025, 2.34418, 0, 2.34418
8.3075, 2.34205, 0, 2.34205
8.3125, 2.33992, 0, 2.33992
8.3175, 2.3378, 0, 2.3378
8.3225, 2.33567, 0, 2.33567
8.3275, 2.33354, 0, 2.33354
8.3325, 2.33141, 0, 2.33141
8.3375, 2.32929, 0, 2.32929
8.3425, 2.32716, 0, 2.32716
8.3475, 2.32503, 0, 2.32503
8.3525, 2.3229, 0, 2.3229
8.3575, 2.32078, 0, 2.32078
8.3625, 2.31874, 0, 2.31874
8.3675, 2.31675, 0, 2.31675
8.3725, 2.31475, 0, 2.31475
8.3775, 2.31276, 0, 2.31276
8.3825, 2.31077, 0, 2.31077
8.3875, 2.30878, 0, 2.30878
8.3925, 2.30679, 0, 2.30679
8.3975, 2.3048, 0, 2.3048
8.4025, 2.30281, 0, 2.30281
8.4075, 2.30082, 0, 2.30082
8.4125, 2.29883, 0, 2.29883
8.4175, 2.29684, 0, 2.29684
8.4225, 2.29485, 0, 2.29485
8.4275, 2.29286, 0, 2.29286
8.4325, 2.29087, 0, 2.29087
8.4375, 2.28888, 0, 2.28888
8.4425, 2.28689, 0, 2.28689
8.4475, 2.2849, 0, 2.2849
8.4525, 2.2829, 0, 2.2829
8.4575, 2.28091, 0, 2.28091
8.4625, 2.27892, 0, 2.27892
8.4675, 2.27693, 0, 2.27693
8.4725, 2.27494, 0, 2.27494
8.4775, 2.27295, 0, 2.27295
8.4825, 2.27096, 0, 2.27096
8.4875, 2.26897, 0, 2.26897
8.4925, 2.26698, 0, 2.26698
8.4975, 2.26499, 0, 2.26499
8.5025, 2.263, 0, 2.263
8.5075, 2.26101, 0, 2.26101
8.5125, 2.25902, 0, 2.25902
8.5175, 2.25707, 0, 2.25707
8.5225, 2.25521, 0, 2.25521
8.5275, 2.25335, 0, 2.25335
8.5325, 2.25149, 0, 2.25149
8.5375, 2.24963, 0, 2.24963
8.5425, 2.24776, 0, 2.24776
8.5475, 2.2459, 0, 2.2459
8.5525, 2.24404, 0, 2.24404
8.5575, 2.24218, 0, 2.24218
8.5625, 2.24032, 0, 2.24032
8.5675, 2.23846, 0, 2.23846
8.5725, 2.23659, 0, 2.23659
8.5775, 2.23473, 0, 2.23473
8.5825, 2.23287, 0, 2.23287
8.5875, 2.23101, 0, 2.23101
8.5925, 2.22915, 0, 2.22915
8.5975, 2.22728, 0, 2.22728
8.6025, 2.22542, 0, 2.22542
8.6075, 2.22356, 0, 2.22356
8.6125, 2.2217, 0, 2.2217
8.6175, 2.21984, 0, 2.21984
8.6225, 2.21797, 0, 2.21797
8.6275, 2.21611, 0, 2.21611
8.6325, 2.21425, 0, 2.21425
8.6375, 2.21239, 0, 2.21239
8.6425, 2.21053, 0, 2.21053
8.6475, 2.20866, 0, 2.20866
8.6525, 2.2068, 0, 2.2068
8.6575, 2.20494, 0, 2.20494
8.6625, 2.20308, 0, 2.20308
8.6675, 2.20122, 0, 2.20122
8.6725, 2.19937, 0, 2.19937
8.6775, 2.19763, 0, 2.19763
8.6825, 2.19589, 0, 2.19589
8.6875, 2.19415, 0, 2.19415
8.6925, 2.19241, 0, 2.19241
8.6975, 2.19067, 0, 2.19067
8.7025, 2.18893, 0, 2.18893
8.7075, 2.18719, 0, 2.18719
8.7125, 2.18545, 0, 2.18545
8.7175, 2.18371, 0, 2.18371
8.7225, 2.18197, 0, 2.18197
8.7275, 2.18023, 0, 2.18023
8.7325, 2.17849, 0, 2.17849
8.7375, 2.17675, 0, 2.17675
8.7425, 2.17501, 0, 2.17501
8.7475, 2.17327, 0, 2.17327
8.7525, 2.17153, 0, 2.17153
8.7575, 2.16979, 0, 2.16979
8.7625, 2.16805, 0, 2.16805
8.7675, 2.16631, 0, 2.16631
8.7725, 2.16457, 0, 2.16457
8.7775, 2.16283, 0, 2.16283
8.7825, 2.16109, 0, 2.16109
8.7875, 2.15935, 0, 2.15935
8.7925, 2.15761, 0, 2.15761
8.7975, 2.15587, 0, 2.15587
8.8025, 2.15413, 0, 2.15413
8.8075, 2.15239, 0, 2.15239
8.8125, 2.15064, 0, 2.15064
8.8175, 2.1489, 0, 2.1489
8.8225, 2.14716, 0, 2.14716
8.8275, 2.14542, 0, 2.14542
8.8325, 2.14378, 0, 2.14378
8.8375, 2.14216, 0, 2.14216
8.8425, 2.14053, 0, 2.14053
8.8475, 2.13891, 0, 2.13891
8.8525, 2.13728, 0, 2.13728
8.8575, 2.13566, 0, 2.13566
8.8625, 2.13403, 0, 2.13403
8.8675, 2.13241, 0, 2.13241
8.8725, 2.13078, 0, 2.13078
8.8775, 2.12916, 0, 2.12916
8.8825, 2.12753, 0, 2.12753
8.8875, 2.12591, 0, 2.12591
8.8925, 2.12428, 0, 2.12428
8.8975, 2.12266, 0, 2.12266
8.9025, 2.12103, 0, 2.12103
8.9075, 2.11941, 0, 2.11941
8.9125, 2.11778, 0, 2.11778
8.9175, 2.11616, 0, 2.11616
8.9225, 2.11453, 0, 2.11453
8.9275, 2.11291, 0, 2.11291
8.9325, 2.11128, 0, 2.11128
8.9375, 2.10966, 0, 2.10966
8.9425, 2.10803, 0, 2.10803
8.9475, 2.10641, 0, 2.10641
8.9525, 2.10478, 0, 2.10478
8.9575, 2.10316, 0, 2.10316
8.9625, 2.10153, 0, 2.10153
8.9675, 2.09991, 0, 2.09991
8.9725, 2.09828, 0, 2.09828
8.9775, 2.09666, 0, 2.09666
8.9825, 2.09503, 0, 2.09503
8.9875, 2.09347, 0, 2.09347
8.9925, 2.09196, 0, 2.09196
8.9975, 2.09044, 0, 2.09044
9.0025, 2.08892, 0, 2.08892
9.0075, 2.08741, 0, 2.08741
9.0125, 2.08589, 0, 2.08589
9.0175, 2.08438, 0, 2.08438
9.0225, 2.08286, 0, 2.08286
9.0275, 2.08134, 0, 2.08134
9.0325, 2.07983, 0, 2.07983
9.0375, 2.07831, 0, 2.07831
9.0425, 2.07679, 0, 2.07679
9.0475, 2.07528, 0, 2.07528
9.0525, 2.07376, 0, 2.07376
9.0575, 2.07225, 0, 2.07225
9.0625, 2.07073, 0, 2.07073
9.0675, 2.06921, 0, 2.06921
9.0725, 2.0677, 0, 2.0677
9.0775, 2.06618, 0, 2.06618
9.0825, 2.06466, 0, 2.06466
9.0875, 2.06315, 0, 2.06315
9.0925, 2.06163, 0, 2.06163
9.0975, 2.06011, 0, 2.06011
9.1025, 2.0586, 0, 2.0586
9.1075, 2.05708, 0, 2.05708
9.1125, 2.05557, 0, 2.05557
9.1175, 2.05405, 0, 2.05405
9.1225, 2.05253, 0, 2.05253
9.1275, 2.05102, 0, 2.05102
9.1325, 2.0495, 0, 2.0495
9.1375, 2.04798, 0, 2.04798
9.1425, 2.04651, 0, 2.04651
9.1475, 2.04509, 0, 2.04509
9.1525, 2.04368, 0, 2.04368
9.1575, 2.04227, 0, 2.04227
9.1625, 2.04086, 0, 2.04086
9.1675, 2.03944, 0, 2.03944
9.1725, 2.03803, 0, 2.03803
9.1775, 2.03662, 0, 2.03662
9.1825, 2.0352, 0, 2.0352
9.1875, 2.03379, 0, 2.03379
9.1925, 2.03238, 0, 2.03238
9.1975, 2.03097, 0, 2.03097
9.2025, 2.02955, 0, 2.02955
9.2075, 2.02814, 0, 2.02814
9.2125, 2.02673, 0, 2.02673
9.2175, 2.02531, 0, 2.02531
9.2225, 2.0239, 0, 2.0239
9.2275, 2.02249, 0, 2.02249
9.2325, 2.02108, 0, 2.02108
9.2375, 2.01966, 0, 2.01966
9.2425, 2.01825, 0, 2.01825
9.2475, 2.01684, 0, 2.01684
9.2525, 2.01542, 0, 2.01542
9.2575, 2.01401, 0, 2.01401
9.2625, 2.0126, 0, 2.0126
9.2675, 2.01119, 0, 2.01119
9.2725, 2.00977, 0, 2.00977
9.2775, 2.00836, 0, 2.00836
9.2825, 2.00695, 0, 2.00695
9.2875, 2.00553, 0, 2.00553
9.2925, 2.00412, 0, 2.00412
9.2975, 2.00272, 0, 2.00272
9.3025, 2.00141, 0, 2.00141
9.3075, 2.00009, 0, 2.00009
9.3125, 1.99878, 0, 1.99878
9.3175, 1.99746, 0, 1.99746
9.3225, 1.99615, 0, 1.99615
9.3275, 1.99483, 0, 1.99483
9.3325, 1.99352, 0, 1.99352
9.3375, 1.9922, 0, 1.9922
9.3425, 1.99089, 0, 1.99089
9.3475, 1.98957, 0, 1.98957
9.3525, 1.98826, 0, 1.98826
9.3575, 1.98694, 0, 1.98694
9.3625, 1.98563, 0, 1.98563
9.3675, 1.98431, 0, 1.98431
9.3725, 1.983, 0, 1.983
9.3775, 1.98168, 0, 1.98168
9.3825, 1.98037, 0, 1.98037
9.3875, 1.97905, 0, 1.97905
9.3925, 1.97774, 0, 1.97774
9.3975, 1.97642, 0, 1.97642
9.4025, 1.97511, 0, 1.97511
9.4075, 1.97379, 0, 1.97379
9.4125, 1.97248, 0, 1.97248
9.4175, 1.97116, 0, 1.97116
9.4225, 1.96985, 0, 1.96985
9.4275, 1.96853, 0, 1.96853
9.4325, 1.96722, 0, 1.96722
9.4375, 1.9659, 0, 1.9659
9.4425, 1.96459, 0, 1.96459
9.4475, 1.96327, 0, 1.96327
9.4525, 1.96196, 0, 1.96196
9.4575, 1.96072, 0, 1.96072
9.4625, 1.9595, 0, 1.9595
9.4675, 1.95827, 0, 1.95827
9.4725, 1.95705, 0, 1.95705
9.4775, 1.95582, 0, 1.95582
9.4825, 1.9546, 0, 1.9546
9.4875, 1.95338, 0, 1.95338
9.4925, 1.95215, 0, 1.95215
9.4975, 1.95093, 0, 1.95093
9.5025, 1.9497, 0, 1.9497
9.5075, 1.94848, 0, 1.94848
9.5125, 1.94726, 0, 1.94726
9.5175, 1.94603, 0, 1.94603
9.5225, 1.94481, 0, 1.94481
9.5275, 1.94358, 0, 1.94358
9.5325, 1.94236, 0, 1.94236
9.5375, 1.94113, 0, 1.94113
9.5425, 1.93991, 0, 1.93991
9.5475, 1.93869, 0, 1.93869
9.5525, 1.93746, 0, 1.93746
9.5575, 1.93624, 0, 1.93624
9.5625, 1.93501, 0, 1.93501
9.5675, 1.93379, 0, 1.93379
9.5725, 1.93256, 0, 1.93256
9.5775, 1.93134, 0, 1.93134
9.5825, 1.93012, 0, 1.93012
9.5875, 1.92889, 0, 1.92889
9.5925, 1.92767, 0, 1.92767
9.5975, 1.92644, 0, 1.92644
9.6025, 1.92522, 0, 1.92522
9.6075, 1.924, 0, 1.924
9.6125, 1.92122, 0, 1.92122
9.6175, 1.91752, 0, 1.91752
9.6225, 1.91383, 0, 1.91383
9.6275, 1.91013, 0, 1.91013
9.6325, 1.90643, 0, 1.90643
9.6375, 1.90273, 0, 1.90273
9.6425, 1.89903, 0, 1.89903
9.6475, 1.89533, 0, 1.89533
9.6525, 1.89163, 0, 1.89163
9.6575, 1.88793, 0, 1.88793
9.6625, 1.88423, 0, 1.88423
9.6675, 1.88053, 0, 1.88053
9.6725, 1.87683, 0, 1.87683
9.6775, 1.87313, 0, 1.87313
9.6825, 1.86943, 0, 1.86943
9.6875, 1.86573, 0, 1.86573
9.6925, 1.86203, 0, 1.86203
9.6975, 1.85833, 0, 1.85833
9.7025, 1.85463, 0, 1.85463
9.7075, 1.85093, 0, 1.85093
9.7125, 1.84723, 0, 1.84723
9.7175, 1.84353, 0, 1.84353
9.7225, 1.83983, 0, 1.83983
9.7275, 1.83613, 0, 1.83613
9.7325, 1.83243, 0, 1.83243
9.7375, 1.82874, 0, 1.82874
9.7425, 1.82504, 0, 1.82504
9.7475, 1.82134, 0, 1.82134
9.7525, 1.81764, 0, 1.81764
9.7575, 1.81394, 0, 1.81394
9.7625, 1.81024, 0, 1.81024
9.7675, 1.7891, 0, 1.7891
9.7725, 1.7389, 0, 1.7389
9.7775, 1.68869, 0, 1.68869
9.7825, 1.63849, 0, 1.63849
9.7875, 1.58829, 0, 1.58829
9.7925, 1.53809, 0, 1.53809
9.7975, 1.48789, 0, 1.48789
9.8025, 1.43768, 0, 1.43768
9.8075, 1.38748, 0, 1.38748
9.8125, 1.33728, 0, 1.33728
9.8175, 1.28708, 0, 1.28708
9.8225, 1.23687, 0, 1.23687
9.8275, 1.18667, 0, 1.18667
9.8325, 1.13647, 0, 1.13647
9.8375, 1.08626, 0, 1.08626
9.8425, 1.03606, 0, 1.03606
9.8475, 0, 0, 0
9.8525, 0, 0, 0
9.8575, 0, 0, 0
9.8625, 0, 0, 0
9.8675, 0, 0, 0
9.8725, 0, 0, 0
9.8775, 0, 0, 0
9.8825, 0, 0, 0
9.8875, 0, 0, 0
9.8925, 0, 0, 0
9.8975, 0, 0, 0
9.9025, 0, 0, 0
9.9075, 0, 0, 0
9.9125, 0, 0, 0
9.9175, 0, 0, 0
9.9225, 0, 0, 0
9.9275, 0, 0, 0
9.9325, 0, 0, 0
9.9375, 0, 0, 0
9.9425, 0, 0, 0
9.9475, 0, 0, 0
9.9525, 0, 0, 0
9.9575, 0, 0, 0
9.9625, 0, 0, 0
9.9675, 0, 0, 0
9.9725, 0, 0, 0
9.9775, 0, 0, 0
9.9825, 0, 0, 0
9.9875, 0, 0, 0
9.9925, 0, 0, 0
9.9975, 0, 0, 0
