Channel index,Channel reference energy (keV),Channel synthetic energy (keV),Simulated intensity,Detected intensity,E_Net peak 0,P_B (continuum),P_B_pm_avg (continuum)
0,0,0,1348,0.169245,1323,9.64697e-018,0.000976563
1,0.0195313,0.0195313,536,1.26138,524,5.31761e-008,0.00195313
2,0.0390625,0.0390625,263,5.39173,258,1.22992e-005,0.00292969
3,0.0585938,0.0585938,123,15.5625,118,0.000181579,0.00390625
4,0.078125,0.078125,65,34.536,61,0.000564337,0.00488281
5,0.0976563,0.0976563,33,65.5843,33,0.0014193,0.00585938
6,0.117188,0.117188,33,109.651,31,0.00293937,0.00683594
7,0.136719,0.136719,39,161.624,34,0.00546273,0.0078125
8,0.15625,0.15625,34,210.5,30,0.00888859,0.00878906
9,0.175781,0.175781,26,247.597,19,0.0128301,0.00976563
10,0.195313,0.195313,46,723.304,38,0.0171241,0.0107422
11,0.214844,0.214844,157,4547.46,148,0.021619,0.0117188
12,0.234375,0.234375,546,21231.1,541,0.0261845,0.0126953
13,0.253906,0.253906,1383,53839.9,1379,0.0307137,0.0136719
14,0.273438,0.273438,1640,71544.2,1634,0.0351207,0.0146484
15,0.292969,0.292969,1132,49584,1126,0.0363648,0.015625
16,0.3125,0.3125,390,17940.6,388,0.0377221,0.0166016
17,0.332031,0.332031,66,3442.77,62,0.0391519,0.0175781
18,0.351563,0.351563,8,419.465,6,0.0406087,0.0185547
19,0.371094,0.371094,5,89.7203,2,0.042044,0.0195313
20,0.390625,0.390625,5,83.8424,0,0.0434088,0.0205078
21,0.410156,0.410156,2,75.124,0,0.0445561,0.0214844
22,0.429688,0.429688,3,66.0053,0,0.045563,0.0224609
23,0.449219,0.449219,0,59.4314,0,0.0463887,0.0234375
24,0.46875,0.46875,2,57.4931,0,0.0471739,0.0244141
25,0.488281,0.488281,2,59.5365,0,0.0480929,0.0253906
26,0.507813,0.507813,1,62.7149,0,0.0491509,0.0263672
27,0.527344,0.527344,3,65.9406,0,0.050068,0.0273438
28,0.546875,0.546875,0,70.7868,0,0.0511186,0.0283203
29,0.566406,0.566406,4,78.0668,0,0.0523075,0.0292969
30,0.585938,0.585938,3,86.8891,0,0.0536396,0.0302734
31,0.605469,0.605469,8,96.3433,0,0.0551189,0.03125
32,0.625,0.625,6,106.096,0,0.0567492,0.0322266
33,0.644531,0.644531,4,116.052,0,0.0585337,0.0332031
34,0.664063,0.664063,4,126.18,0,0.0604749,0.0341797
35,0.683594,0.683594,2,136.448,0,0.0625752,0.0351563
36,0.703125,0.703125,4,146.825,0,0.0648362,0.0361328
37,0.722656,0.722656,10,157.246,0,0.0672594,0.0371094
38,0.742188,0.742188,9,167.57,0,0.069846,0.0380859
39,0.761719,0.761719,7,177.793,0,0.0725968,0.0390625
40,0.78125,0.78125,3,187.256,0,0.0754946,0.0400391
41,0.800781,0.800781,6,196.149,0,0.0785211,0.0410156
42,0.820313,0.820313,8,204.641,0,0.0816756,0.0419922
43,0.839844,0.839844,3,212.932,0,0.0849575,0.0429688
44,0.859375,0.859375,8,221.131,0,0.0883657,0.0439453
45,0.878906,0.878906,3,229.278,0,0.0918999,0.0449219
46,0.898438,0.898438,11,237.379,0,0.0955594,0.0458984
47,0.917969,0.917969,12,245.435,0,0.0993434,0.046875
48,0.9375,0.9375,9,253.448,0,0.103251,0.0478516
49,0.957031,0.957031,8,261.651,0,0.107282,0.0488281
50,0.976563,0.976563,9,269.604,0,0.111436,0.0498047
51,0.996094,0.996094,9,277.518,0,0.115712,0.0507813
52,1.01563,1.01563,12,285.364,0,0.12011,0.0517578
53,1.03516,1.03516,9,293.038,0,0.124628,0.0527344
54,1.05469,1.05469,15,300.272,0,0.129268,0.0537109
55,1.07422,1.07422,8,306.652,0,0.134027,0.0546875
56,1.09375,1.09375,13,311.834,0,0.138867,0.0556641
57,1.11328,1.11328,13,315.822,0,0.143749,0.0566406
58,1.13281,1.13281,7,318.955,0,0.14867,0.0576172
59,1.15234,1.15234,9,321.637,0,0.15363,0.0585938
60,1.17188,1.17188,15,324.121,0,0.158629,0.0595703
61,1.19141,1.19141,8,326.507,0,0.163664,0.0605469
62,1.21094,1.21094,10,328.823,0,0.168735,0.0615234
63,1.23047,1.23047,10,331.079,0,0.173841,0.0625
64,1.25,1.25,7,333.276,0,0.178982,0.0634766
65,1.26953,1.26953,6,335.42,0,0.184155,0.0644531
66,1.28906,1.28906,13,337.513,0,0.189361,0.0654297
67,1.30859,1.30859,12,339.554,0,0.194598,0.0664063
68,1.32813,1.32813,11,341.523,0,0.199867,0.0673828
69,1.34766,1.34766,15,343.352,0,0.205166,0.0683594
70,1.36719,1.36719,9,344.891,0,0.210495,0.0693359
71,1.38672,1.38672,13,345.926,0,0.215854,0.0703125
72,1.40625,1.40625,14,346.292,0,0.221218,0.0712891
73,1.42578,1.42578,10,345.994,0,0.226566,0.0722656
74,1.44531,1.44531,7,345.202,0,0.231896,0.0732422
75,1.46484,1.46484,9,344.104,0,0.237208,0.0742188
76,1.48438,1.48438,18,342.786,0,0.242501,0.0751953
77,1.50391,1.50391,19,341.167,0,0.247775,0.0761719
78,1.52344,1.52344,11,339.078,0,0.25303,0.0771484
79,1.54297,1.54297,9,336.485,0,0.258264,0.078125
80,1.5625,1.5625,12,333.672,0,0.263374,0.0791016
81,1.58203,1.58203,15,331.096,0,0.268466,0.0800781
82,1.60156,1.60156,5,329.019,0,0.273538,0.0810547
83,1.62109,1.62109,9,327.372,0,0.278591,0.0820313
84,1.64063,1.64063,6,326.272,0,0.283625,0.0830078
85,1.66016,1.66016,8,324.889,0,0.288638,0.0839844
86,1.67969,1.67969,15,323.446,0,0.293631,0.0849609
87,1.69922,1.69922,10,321.866,0,0.298603,0.0859375
88,1.71875,1.71875,14,320.113,0,0.303549,0.0869141
89,1.73828,1.73828,9,318.186,0,0.308462,0.0878906
90,1.75781,1.75781,15,316.121,0,0.313341,0.0888672
91,1.77734,1.77734,10,313.969,0,0.318187,0.0898438
92,1.79688,1.79688,14,311.767,0,0.322999,0.0908203
93,1.81641,1.81641,9,309.537,0,0.327777,0.0917969
94,1.83594,1.83594,15,307.286,0,0.332521,0.0927734
95,1.85547,1.85547,11,305.017,0,0.337229,0.09375
96,1.875,1.875,12,303.061,0,0.341903,0.0947266
97,1.89453,1.89453,10,300.765,0,0.346541,0.0957031
98,1.91406,1.91406,9,298.452,0,0.351144,0.0966797
99,1.93359,1.93359,11,296.123,0,0.355711,0.0976563
100,1.95313,1.95313,6,293.78,0,0.360242,0.0986328
101,1.97266,1.97266,6,291.427,0,0.364737,0.0996094
102,1.99219,1.99219,19,289.068,0,0.369195,0.100586
103,2.01172,2.01172,9,286.712,0,0.373616,0.101563
104,2.03125,2.03125,14,284.363,0,0.378002,0.102539
105,2.05078,2.05078,10,282.021,0,0.382351,0.103516
106,2.07031,2.07031,7,279.683,0,0.386665,0.104492
107,2.08984,2.08984,14,277.343,0,0.390943,0.105469
108,2.10938,2.10938,7,274.996,0,0.395186,0.106445
109,2.12891,2.12891,7,272.641,0,0.399391,0.107422
110,2.14844,2.14844,14,270.276,0,0.403561,0.108398
111,2.16797,2.16797,9,267.902,0,0.407694,0.109375
112,2.1875,2.1875,8,265.519,0,0.411791,0.110352
113,2.20703,2.20703,11,263.128,0,0.41585,0.111328
114,2.22656,2.22656,16,260.73,0,0.419873,0.112305
115,2.24609,2.24609,8,258.326,0,0.423859,0.113281
116,2.26563,2.26563,6,255.922,0,0.427808,0.114258
117,2.28516,2.28516,18,253.53,0,0.431719,0.115234
118,2.30469,2.30469,9,251.169,0,0.435594,0.116211
119,2.32422,2.32422,8,248.859,0,0.43943,0.117188
120,2.34375,2.34375,5,246.616,0,0.443233,0.118164
121,2.36328,2.36328,9,244.44,0,0.447003,0.119141
122,2.38281,2.38281,15,242.315,0,0.450743,0.120117
123,2.40234,2.40234,6,240.222,0,0.45445,0.121094
124,2.42188,2.42188,6,238.141,0,0.458126,0.12207
125,2.44141,2.44141,4,236.063,0,0.461769,0.123047
126,2.46094,2.46094,10,233.983,0,0.465381,0.124023
127,2.48047,2.48047,6,231.898,0,0.468961,0.125
128,2.5,2.5,10,229.81,0,0.472509,0.125977
129,2.51953,2.51953,10,227.717,0,0.476024,0.126953
130,2.53906,2.53906,11,225.621,0,0.479508,0.12793
131,2.55859,2.55859,9,223.525,0,0.482959,0.128906
132,2.57813,2.57813,4,221.431,0,0.486378,0.129883
133,2.59766,2.59766,6,219.352,0,0.489765,0.130859
134,2.61719,2.61719,8,217.301,0,0.493119,0.131836
135,2.63672,2.63672,3,215.296,0,0.49644,0.132813
136,2.65625,2.65625,10,213.348,0,0.499732,0.133789
137,2.67578,2.67578,5,211.457,0,0.502996,0.134766
138,2.69531,2.69531,8,209.81,0,0.506233,0.135742
139,2.71484,2.71484,8,207.995,0,0.509443,0.136719
140,2.73438,2.73438,8,206.195,0,0.512625,0.137695
141,2.75391,2.75391,10,204.399,0,0.515779,0.138672
142,2.77344,2.77344,1,202.603,0,0.518906,0.139648
143,2.79297,2.79297,3,200.806,0,0.522005,0.140625
144,2.8125,2.8125,10,199.007,0,0.525077,0.141602
145,2.83203,2.83203,8,197.205,0,0.528121,0.142578
146,2.85156,2.85156,5,195.403,0,0.531137,0.143555
147,2.87109,2.87109,9,193.602,0,0.534125,0.144531
148,2.89063,2.89063,6,191.808,0,0.537086,0.145508
149,2.91016,2.91016,13,190.03,0,0.540019,0.146484
150,2.92969,2.92969,6,188.284,0,0.542924,0.147461
151,2.94922,2.94922,5,186.583,0,0.545801,0.148438
152,2.96875,2.96875,2,185.139,0,0.548653,0.149414
153,2.98828,2.98828,4,183.554,0,0.551483,0.150391
154,3.00781,3.00781,8,182.015,0,0.554289,0.151367
155,3.02734,3.02734,4,180.506,0,0.557073,0.152344
156,3.04688,3.04688,7,179.014,0,0.559834,0.15332
157,3.06641,3.06641,5,177.529,0,0.562572,0.154297
158,3.08594,3.08594,9,176.045,0,0.565288,0.155273
159,3.10547,3.10547,9,174.562,0,0.56798,0.15625
160,3.125,3.125,10,173.077,0,0.57065,0.157227
161,3.14453,3.14453,3,171.592,0,0.573297,0.158203
162,3.16406,3.16406,10,170.106,0,0.575921,0.15918
163,3.18359,3.18359,6,168.623,0,0.578523,0.160156
164,3.20313,3.20313,1,167.146,0,0.581101,0.161133
165,3.22266,3.22266,4,165.685,0,0.583656,0.162109
166,3.24219,3.24219,6,164.25,0,0.586189,0.163086
167,3.26172,3.26172,7,162.853,0,0.588698,0.164063
168,3.28125,3.28125,8,161.502,0,0.591187,0.165039
169,3.30078,3.30078,7,160.197,0,0.593657,0.166016
170,3.32031,3.32031,4,158.931,0,0.596109,0.166992
171,3.33984,3.33984,7,157.69,0,0.598541,0.167969
172,3.35938,3.35938,8,156.464,0,0.600956,0.168945
173,3.37891,3.37891,8,155.245,0,0.603351,0.169922
174,3.39844,3.39844,4,154.028,0,0.605728,0.170898
175,3.41797,3.41797,4,152.811,0,0.608086,0.171875
176,3.4375,3.4375,6,151.594,0,0.610425,0.172852
177,3.45703,3.45703,4,150.377,0,0.612746,0.173828
178,3.47656,3.47656,9,149.159,0,0.615048,0.174805
179,3.49609,3.49609,3,147.944,0,0.617331,0.175781
180,3.51563,3.51563,5,146.734,0,0.619596,0.176758
181,3.53516,3.53516,8,145.534,0,0.621841,0.177734
182,3.55469,3.55469,7,144.352,0,0.624068,0.178711
183,3.57422,3.57422,4,143.196,0,0.626277,0.179688
184,3.59375,3.59375,5,142.07,0,0.628467,0.180664
185,3.61328,3.61328,5,140.975,0,0.630642,0.181641
186,3.63281,3.63281,2,139.904,0,0.632802,0.182617
187,3.65234,3.65234,1,138.851,0,0.634945,0.183594
188,3.67188,3.67188,1,137.809,0,0.637072,0.18457
189,3.69141,3.69141,5,136.772,0,0.639184,0.185547
190,3.71094,3.71094,3,135.737,0,0.64128,0.186523
191,3.73047,3.73047,2,134.702,0,0.643359,0.1875
192,3.75,3.75,5,133.667,0,0.645423,0.188477
193,3.76953,3.76953,4,132.632,0,0.647471,0.189453
194,3.78906,3.78906,6,131.598,0,0.649503,0.19043
195,3.80859,3.80859,3,130.566,0,0.651519,0.191406
196,3.82813,3.82813,6,129.539,0,0.65352,0.192383
197,3.84766,3.84766,3,128.523,0,0.655504,0.193359
198,3.86719,3.86719,3,127.525,0,0.657472,0.194336
199,3.88672,3.88672,8,126.551,0,0.659425,0.195313
200,3.90625,3.90625,8,125.605,0,0.661363,0.196289
201,3.92578,3.92578,3,124.8,0,0.663288,0.197266
202,3.94531,3.94531,4,123.908,0,0.665199,0.198242
203,3.96484,3.96484,1,123.032,0,0.667098,0.199219
204,3.98438,3.98438,7,122.167,0,0.668983,0.200195
205,4.00391,4.00391,3,121.308,0,0.670855,0.201172
206,4.02344,4.02344,4,120.451,0,0.672714,0.202148
207,4.04297,4.04297,7,119.594,0,0.67456,0.203125
208,4.0625,4.0625,10,118.738,0,0.676393,0.204102
209,4.08203,4.08203,3,117.881,0,0.678213,0.205078
210,4.10156,4.10156,4,117.026,0,0.680019,0.206055
211,4.12109,4.12109,2,116.171,0,0.681812,0.207031
212,4.14063,4.14063,3,115.32,0,0.683593,0.208008
213,4.16016,4.16016,1,114.476,0,0.68536,0.208984
214,4.17969,4.17969,3,113.643,0,0.687113,0.209961
215,4.19922,4.19922,8,112.823,0,0.688854,0.210938
216,4.21875,4.21875,2,112.02,0,0.690582,0.211914
217,4.23828,4.23828,3,111.346,0,0.692299,0.212891
218,4.25781,4.25781,3,110.574,0,0.694004,0.213867
219,4.27734,4.27734,3,109.813,0,0.695698,0.214844
220,4.29688,4.29688,4,109.058,0,0.69738,0.21582
221,4.31641,4.31641,8,108.306,0,0.69905,0.216797
222,4.33594,4.33594,3,107.556,0,0.70071,0.217773
223,4.35547,4.35547,6,106.807,0,0.702357,0.21875
224,4.375,4.375,6,106.058,0,0.703993,0.219727
225,4.39453,4.39453,4,105.309,0,0.705618,0.220703
226,4.41406,4.41406,3,104.561,0,0.707231,0.22168
227,4.43359,4.43359,4,103.814,0,0.708832,0.222656
228,4.45313,4.45313,2,103.072,0,0.710422,0.223633
229,4.47266,4.47266,2,102.338,0,0.712001,0.224609
230,4.49219,4.49219,3,101.614,0,0.713568,0.225586
231,4.51172,4.51172,0,100.906,0,0.715123,0.226563
232,4.53125,4.53125,2,100.216,0,0.716668,0.227539
233,4.55078,4.55078,2,99.5425,0,0.718203,0.228516
234,4.57031,4.57031,5,98.8843,0,0.719728,0.229492
235,4.58984,4.58984,6,98.2373,0,0.721244,0.230469
236,4.60938,4.60938,2,97.5976,0,0.722749,0.231445
237,4.62891,4.62891,4,96.9621,0,0.724246,0.232422
238,4.64844,4.64844,3,96.3284,0,0.725732,0.233398
239,4.66797,4.66797,3,95.6956,0,0.727209,0.234375
240,4.6875,4.6875,5,95.063,0,0.728676,0.235352
241,4.70703,4.70703,1,94.4308,0,0.730133,0.236328
242,4.72656,4.72656,3,93.7993,0,0.73158,0.237305
243,4.74609,4.74609,3,93.1694,0,0.733018,0.238281
244,4.76563,4.76563,3,92.543,0,0.734446,0.239258
245,4.78516,4.78516,2,91.9225,0,0.735865,0.240234
246,4.80469,4.80469,3,91.3107,0,0.737273,0.241211
247,4.82422,4.82422,6,90.7105,0,0.738672,0.242188
248,4.84375,4.84375,2,90.1235,0,0.740062,0.243164
249,4.86328,4.86328,4,89.5496,0,0.741444,0.244141
250,4.88281,4.88281,5,88.9871,0,0.742817,0.245117
251,4.90234,4.90234,6,88.4333,0,0.744182,0.246094
252,4.92188,4.92188,2,87.8853,0,0.745538,0.24707
253,4.94141,4.94141,6,87.3406,0,0.746886,0.248047
254,4.96094,4.96094,4,86.7976,0,0.748226,0.249023
255,4.98047,4.98047,4,86.2552,0,0.749558,0.25
256,5,5,2,85.7132,0,0.750881,0.250977
257,5.01953,5.01953,4,85.1715,0,0.752196,0.251953
258,5.03906,5.03906,1,84.6303,0,0.753503,0.25293
259,5.05859,5.05859,6,84.0905,0,0.754801,0.253906
260,5.07813,5.07813,3,83.5531,0,0.756091,0.254883
261,5.09766,5.09766,3,83.0199,0,0.757372,0.255859
262,5.11719,5.11719,1,82.4929,0,0.758646,0.256836
263,5.13672,5.13672,4,81.9738,0,0.759911,0.257813
264,5.15625,5.15625,1,81.4637,0,0.761168,0.258789
265,5.17578,5.17578,5,80.9626,0,0.762418,0.259766
266,5.19531,5.19531,1,80.4694,0,0.76366,0.260742
267,5.21484,5.21484,1,79.9822,0,0.764895,0.261719
268,5.23438,5.23438,1,79.4992,0,0.766123,0.262695
269,5.25391,5.25391,2,79.0186,0,0.767343,0.263672
270,5.27344,5.27344,2,78.5392,0,0.768556,0.264648
271,5.29297,5.29297,1,78.0605,0,0.769762,0.265625
272,5.3125,5.3125,3,77.582,0,0.77096,0.266602
273,5.33203,5.33203,3,77.104,0,0.772151,0.267578
274,5.35156,5.35156,3,76.6936,0,0.773335,0.268555
275,5.37109,5.37109,1,76.2188,0,0.774511,0.269531
276,5.39063,5.39063,2,75.7474,0,0.77568,0.270508
277,5.41016,5.41016,3,75.2814,0,0.776842,0.271484
278,5.42969,5.42969,2,74.8234,0,0.777996,0.272461
279,5.44922,5.44922,4,74.3754,0,0.779143,0.273438
280,5.46875,5.46875,1,73.9388,0,0.780283,0.274414
281,5.48828,5.48828,4,73.5134,0,0.781417,0.275391
282,5.50781,5.50781,2,73.0981,0,0.782545,0.276367
283,5.52734,5.52734,4,72.6905,0,0.783667,0.277344
284,5.54688,5.54688,1,72.2883,0,0.784783,0.27832
285,5.56641,5.56641,2,71.8894,0,0.785893,0.279297
286,5.58594,5.58594,4,71.4923,0,0.786996,0.280273
287,5.60547,5.60547,1,71.096,0,0.788094,0.28125
288,5.625,5.625,0,70.7002,0,0.789185,0.282227
289,5.64453,5.64453,1,70.3048,0,0.790271,0.283203
290,5.66406,5.66406,1,69.9099,0,0.79135,0.28418
291,5.68359,5.68359,3,69.5162,0,0.792424,0.285156
292,5.70313,5.70313,2,69.1915,0,0.793491,0.286133
293,5.72266,5.72266,2,68.8039,0,0.794552,0.287109
294,5.74219,5.74219,2,68.4212,0,0.795607,0.288086
295,5.76172,5.76172,1,68.0446,0,0.796656,0.289063
296,5.78125,5.78125,2,67.6748,0,0.797699,0.290039
297,5.80078,5.80078,1,67.3118,0,0.798737,0.291016
298,5.82031,5.82031,1,66.9549,0,0.79977,0.291992
299,5.83984,5.83984,2,66.6028,0,0.800797,0.292969
300,5.85938,5.85938,1,66.254,0,0.801819,0.293945
301,5.87891,5.87891,1,65.9073,0,0.802836,0.294922
302,5.89844,5.89844,1,65.5618,0,0.803848,0.295898
303,5.91797,5.91797,3,65.2169,0,0.804854,0.296875
304,5.9375,5.9375,3,64.8723,0,0.805855,0.297852
305,5.95703,5.95703,2,64.5279,0,0.806851,0.298828
306,5.97656,5.97656,1,64.184,0,0.807841,0.299805
307,5.99609,5.99609,3,63.8408,0,0.808826,0.300781
308,6.01563,6.01563,2,63.4991,0,0.809806,0.301758
309,6.03516,6.03516,1,63.1594,0,0.81078,0.302734
310,6.05469,6.05469,0,62.8228,0,0.811749,0.303711
311,6.07422,6.07422,1,62.4898,0,0.812713,0.304688
312,6.09375,6.09375,0,62.161,0,0.813672,0.305664
313,6.11328,6.11328,2,61.8364,0,0.814626,0.306641
314,6.13281,6.13281,0,61.5154,0,0.815575,0.307617
315,6.15234,6.15234,3,61.1974,0,0.816519,0.308594
316,6.17188,6.17188,3,60.8815,0,0.817459,0.30957
317,6.19141,6.19141,4,60.5669,0,0.818393,0.310547
318,6.21094,6.21094,1,60.2531,0,0.819323,0.311523
319,6.23047,6.23047,0,59.9397,0,0.820248,0.3125
320,6.25,6.25,2,59.6266,0,0.821169,0.313477
321,6.26953,6.26953,2,59.3136,0,0.822084,0.314453
322,6.28906,6.28906,2,59.001,0,0.822995,0.31543
323,6.30859,6.30859,0,58.6891,0,0.8239,0.316406
324,6.32813,6.32813,3,58.3783,0,0.824801,0.317383
325,6.34766,6.34766,1,58.0692,0,0.825698,0.318359
326,6.36719,6.36719,1,57.7625,0,0.826589,0.319336
327,6.38672,6.38672,0,57.4587,0,0.827476,0.320313
328,6.40625,6.40625,2,57.1581,0,0.828358,0.321289
329,6.42578,6.42578,5,56.8608,0,0.829235,0.322266
330,6.44531,6.44531,4,56.5664,0,0.830108,0.323242
331,6.46484,6.46484,3,56.2744,0,0.830977,0.324219
332,6.48438,6.48438,1,55.984,0,0.831841,0.325195
333,6.50391,6.50391,2,55.6947,0,0.832701,0.326172
334,6.52344,6.52344,1,55.4061,0,0.833556,0.327148
335,6.54297,6.54297,2,55.1178,0,0.834407,0.328125
336,6.5625,6.5625,2,54.8298,0,0.835254,0.329102
337,6.58203,6.58203,1,54.542,0,0.836096,0.330078
338,6.60156,6.60156,1,54.2547,0,0.836934,0.331055
339,6.62109,6.62109,1,53.9681,0,0.837767,0.332031
340,6.64063,6.64063,2,53.6829,0,0.838596,0.333008
341,6.66016,6.66016,3,53.3996,0,0.83942,0.333984
342,6.67969,6.67969,3,53.1189,0,0.84024,0.334961
343,6.69922,6.69922,4,52.8415,0,0.841056,0.335938
344,6.71875,6.71875,2,52.5677,0,0.841867,0.336914
345,6.73828,6.73828,2,52.2975,0,0.842674,0.337891
346,6.75781,6.75781,1,52.0305,0,0.843478,0.338867
347,6.77734,6.77734,0,51.7662,0,0.844277,0.339844
348,6.79688,6.79688,4,51.5038,0,0.845073,0.34082
349,6.81641,6.81641,2,51.2426,0,0.845864,0.341797
350,6.83594,6.83594,2,50.9822,0,0.846651,0.342773
351,6.85547,6.85547,1,50.7222,0,0.847435,0.34375
352,6.875,6.875,3,50.4626,0,0.848214,0.344727
353,6.89453,6.89453,2,50.2033,0,0.84899,0.345703
354,6.91406,6.91406,1,49.9444,0,0.849761,0.34668
355,6.93359,6.93359,0,49.7274,0,0.850529,0.347656
356,6.95313,6.95313,2,49.4712,0,0.851292,0.348633
357,6.97266,6.97266,3,49.217,0,0.852052,0.349609
358,6.99219,6.99219,1,48.9658,0,0.852807,0.350586
359,7.01172,7.01172,5,48.718,0,0.853559,0.351563
360,7.03125,7.03125,3,48.474,0,0.854306,0.352539
361,7.05078,7.05078,1,48.2339,0,0.855051,0.353516
362,7.07031,7.07031,4,47.9972,0,0.855791,0.354492
363,7.08984,7.08984,2,47.7633,0,0.856529,0.355469
364,7.10938,7.10938,3,47.5316,0,0.857262,0.356445
365,7.12891,7.12891,0,47.3012,0,0.857993,0.357422
366,7.14844,7.14844,1,47.0717,0,0.858719,0.358398
367,7.16797,7.16797,0,46.8427,0,0.859442,0.359375
368,7.1875,7.1875,1,46.614,0,0.860162,0.360352
369,7.20703,7.20703,1,46.3857,0,0.860878,0.361328
370,7.22656,7.22656,1,46.1577,0,0.861591,0.362305
371,7.24609,7.24609,1,45.9304,0,0.8623,0.363281
372,7.26563,7.26563,3,45.7041,0,0.863006,0.364258
373,7.28516,7.28516,0,45.4794,0,0.863708,0.365234
374,7.30469,7.30469,3,45.2566,0,0.864406,0.366211
375,7.32422,7.32422,5,45.0773,0,0.865101,0.367188
376,7.34375,7.34375,3,44.8599,0,0.865793,0.368164
377,7.36328,7.36328,1,44.6452,0,0.866482,0.369141
378,7.38281,7.38281,0,44.433,0,0.867167,0.370117
379,7.40234,7.40234,2,44.2228,0,0.867849,0.371094
380,7.42188,7.42188,1,44.014,0,0.868528,0.37207
381,7.44141,7.44141,0,43.8063,0,0.869204,0.373047
382,7.46094,7.46094,0,43.5992,0,0.869877,0.374023
383,7.48047,7.48047,2,43.3925,0,0.870546,0.375
384,7.5,7.5,0,43.1861,0,0.871213,0.375977
385,7.51953,7.51953,1,42.9799,0,0.871876,0.376953
386,7.53906,7.53906,1,42.7741,0,0.872536,0.37793
387,7.55859,7.55859,1,42.5687,0,0.873193,0.378906
388,7.57813,7.57813,1,42.3641,0,0.873846,0.379883
389,7.59766,7.59766,2,42.1607,0,0.874497,0.380859
390,7.61719,7.61719,2,41.9588,0,0.875144,0.381836
391,7.63672,7.63672,2,41.7587,0,0.875788,0.382813
392,7.65625,7.65625,1,41.5605,0,0.876429,0.383789
393,7.67578,7.67578,1,41.3644,0,0.877067,0.384766
394,7.69531,7.69531,0,41.17,0,0.877702,0.385742
395,7.71484,7.71484,0,40.977,0,0.878335,0.386719
396,7.73438,7.73438,2,40.7853,0,0.878964,0.387695
397,7.75391,7.75391,1,40.5942,0,0.879591,0.388672
398,7.77344,7.77344,3,40.4037,0,0.880214,0.389648
399,7.79297,7.79297,2,40.2135,0,0.880835,0.390625
400,7.8125,7.8125,1,40.0236,0,0.881452,0.391602
401,7.83203,7.83203,0,39.8338,0,0.882067,0.392578
402,7.85156,7.85156,1,39.6444,0,0.882679,0.393555
403,7.87109,7.87109,1,39.4554,0,0.883288,0.394531
404,7.89063,7.89063,1,39.2672,0,0.883894,0.395508
405,7.91016,7.91016,0,39.08,0,0.884497,0.396484
406,7.92969,7.92969,1,38.8941,0,0.885097,0.397461
407,7.94922,7.94922,1,38.7099,0,0.885694,0.398438
408,7.96875,7.96875,2,38.5274,0,0.886289,0.399414
409,7.98828,7.98828,1,38.3466,0,0.886881,0.400391
410,8.00781,8.00781,0,38.1675,0,0.88747,0.401367
411,8.02734,8.02734,2,37.9897,0,0.888056,0.402344
412,8.04688,8.04688,1,37.8129,0,0.88864,0.40332
413,8.06641,8.06641,4,37.6368,0,0.889221,0.404297
414,8.08594,8.08594,0,37.4613,0,0.889799,0.405273
415,8.10547,8.10547,0,37.286,0,0.890375,0.40625
416,8.125,8.125,1,37.1109,0,0.890948,0.407227
417,8.14453,8.14453,2,36.936,0,0.891518,0.408203
418,8.16406,8.16406,1,36.7613,0,0.892085,0.40918
419,8.18359,8.18359,2,36.587,0,0.89265,0.410156
420,8.20313,8.20313,0,36.4133,0,0.893212,0.411133
421,8.22266,8.22266,0,36.2404,0,0.893772,0.412109
422,8.24219,8.24219,1,36.0685,0,0.894328,0.413086
423,8.26172,8.26172,3,35.8977,0,0.894883,0.414063
424,8.28125,8.28125,2,35.7283,0,0.895434,0.415039
425,8.30078,8.30078,1,35.5602,0,0.895983,0.416016
426,8.32031,8.32031,0,35.3933,0,0.896529,0.416992
427,8.33984,8.33984,1,35.2274,0,0.897073,0.417969
428,8.35938,8.35938,1,35.0622,0,0.897615,0.418945
429,8.37891,8.37891,3,34.8976,0,0.898154,0.419922
430,8.39844,8.39844,0,34.7334,0,0.89869,0.420898
431,8.41797,8.41797,2,34.5694,0,0.899224,0.421875
432,8.4375,8.4375,0,34.4055,0,0.899755,0.422852
433,8.45703,8.45703,1,34.2417,0,0.900284,0.423828
434,8.47656,8.47656,0,34.0779,0,0.90081,0.424805
435,8.49609,8.49609,1,33.9142,0,0.901334,0.425781
436,8.51563,8.51563,1,33.7505,0,0.901855,0.426758
437,8.53516,8.53516,0,33.587,0,0.902374,0.427734
438,8.55469,8.55469,0,33.4236,0,0.90289,0.428711
439,8.57422,8.57422,2,33.2603,0,0.903404,0.429688
440,8.59375,8.59375,0,33.0972,0,0.903915,0.430664
441,8.61328,8.61328,3,32.9342,0,0.904424,0.431641
442,8.63281,8.63281,0,32.7714,0,0.90493,0.432617
443,8.65234,8.65234,1,32.6087,0,0.905434,0.433594
444,8.67188,8.67188,2,32.4461,0,0.905935,0.43457
445,8.69141,8.69141,1,32.2836,0,0.906434,0.435547
446,8.71094,8.71094,1,32.1461,0,0.90693,0.436523
447,8.73047,8.73047,1,31.9839,0,0.907423,0.4375
448,8.75,8.75,1,31.822,0,0.907915,0.438477
449,8.76953,8.76953,1,31.6604,0,0.908403,0.439453
450,8.78906,8.78906,1,31.4996,0,0.90889,0.44043
451,8.80859,8.80859,0,31.3399,0,0.909373,0.441406
452,8.82813,8.82813,2,31.182,0,0.909855,0.442383
453,8.84766,8.84766,2,31.0264,0,0.910333,0.443359
454,8.86719,8.86719,2,30.8738,0,0.91081,0.444336
455,8.88672,8.88672,2,30.7248,0,0.911283,0.445313
456,8.90625,8.90625,1,30.5795,0,0.911755,0.446289
457,8.92578,8.92578,1,30.4381,0,0.912224,0.447266
458,8.94531,8.94531,0,30.3002,0,0.912692,0.448242
459,8.96484,8.96484,2,30.1652,0,0.913157,0.449219
460,8.98438,8.98438,1,30.0326,0,0.913621,0.450195
461,9.00391,9.00391,1,29.9017,0,0.914083,0.451172
462,9.02344,9.02344,2,29.772,0,0.914542,0.452148
463,9.04297,9.04297,1,29.6428,0,0.915,0.453125
464,9.0625,9.0625,2,29.5141,0,0.915456,0.454102
465,9.08203,9.08203,1,29.3855,0,0.91591,0.455078
466,9.10156,9.10156,2,29.2568,0,0.916361,0.456055
467,9.12109,9.12109,1,29.1279,0,0.916811,0.457031
468,9.14063,9.14063,2,29.0237,0,0.917259,0.458008
469,9.16016,9.16016,2,28.8941,0,0.917705,0.458984
470,9.17969,9.17969,2,28.7639,0,0.918149,0.459961
471,9.19922,9.19922,0,28.633,0,0.918591,0.460938
472,9.21875,9.21875,2,28.5014,0,0.919031,0.461914
473,9.23828,9.23828,0,28.369,0,0.919468,0.462891
474,9.25781,9.25781,3,28.2359,0,0.919904,0.463867
475,9.27734,9.27734,1,28.1022,0,0.920338,0.464844
476,9.29688,9.29688,0,27.9681,0,0.920769,0.46582
477,9.31641,9.31641,0,27.8336,0,0.921199,0.466797
478,9.33594,9.33594,2,27.699,0,0.921626,0.467773
479,9.35547,9.35547,1,27.5643,0,0.922052,0.46875
480,9.375,9.375,0,27.4297,0,0.922475,0.469727
481,9.39453,9.39453,1,27.2955,0,0.922896,0.470703
482,9.41406,9.41406,0,27.1619,0,0.923315,0.47168
483,9.43359,9.43359,2,27.0293,0,0.923732,0.472656
484,9.45313,9.45313,0,26.8981,0,0.924147,0.473633
485,9.47266,9.47266,1,26.769,0,0.92456,0.474609
486,9.49219,9.49219,3,26.6423,0,0.924971,0.475586
487,9.51172,9.51172,1,26.5185,0,0.92538,0.476563
488,9.53125,9.53125,5,26.3979,0,0.925786,0.477539
489,9.55078,9.55078,1,26.2803,0,0.926192,0.478516
490,9.57031,9.57031,1,26.1656,0,0.926595,0.479492
491,9.58984,9.58984,0,26.0534,0,0.926997,0.480469
492,9.60938,9.60938,1,25.9431,0,0.927398,0.481445
493,9.62891,9.62891,1,25.8343,0,0.927796,0.482422
494,9.64844,9.64844,1,25.7264,0,0.928193,0.483398
495,9.66797,9.66797,0,25.6192,0,0.928589,0.484375
496,9.6875,9.6875,2,25.5122,0,0.928982,0.485352
497,9.70703,9.70703,0,25.4053,0,0.929375,0.486328
498,9.72656,9.72656,1,25.2983,0,0.929765,0.487305
499,9.74609,9.74609,1,25.1909,0,0.930154,0.488281
500,9.76563,9.76563,2,25.0831,0,0.930541,0.489258
501,9.78516,9.78516,2,24.9746,0,0.930927,0.490234
502,9.80469,9.80469,1,24.8652,0,0.931311,0.491211
503,9.82422,9.82422,1,24.7549,0,0.931693,0.492188
504,9.84375,9.84375,0,24.6435,0,0.932074,0.493164
505,9.86328,9.86328,1,24.5311,0,0.932452,0.494141
506,9.88281,9.88281,1,24.4176,0,0.932829,0.495117
507,9.90234,9.90234,1,24.3034,0,0.933205,0.496094
508,9.92188,9.92188,1,24.1884,0,0.933578,0.49707
509,9.94141,9.94141,1,24.073,0,0.93395,0.498047
510,9.96094,9.96094,0,23.9572,0,0.93432,0.499023
511,9.98047,9.98047,0,23.8413,0,0.934688,0.5
512,10,10,1,23.7254,0,0.935054,0.500977
513,10.0195,10.0195,1,23.6096,0,0.935419,0.501953
514,10.0391,10.0391,0,23.4941,0,0.935781,0.50293
515,10.0586,10.0586,0,23.3791,0,0.936142,0.503906
516,10.0781,10.0781,0,23.2649,0,0.936501,0.504883
517,10.0977,10.0977,0,23.1516,0,0.936859,0.505859
518,10.1172,10.1172,1,23.0396,0,0.937214,0.506836
519,10.1367,10.1367,2,22.929,0,0.937568,0.507813
520,10.1563,10.1563,0,22.8199,0,0.93792,0.508789
521,10.1758,10.1758,2,22.7123,0,0.938271,0.509766
522,10.1953,10.1953,1,22.6062,0,0.93862,0.510742
523,10.2148,10.2148,0,22.5012,0,0.938967,0.511719
524,10.2344,10.2344,2,22.3972,0,0.939313,0.512695
525,10.2539,10.2539,0,22.294,0,0.939657,0.513672
526,10.2734,10.2734,0,22.1913,0,0.94,0.514648
527,10.293,10.293,1,22.089,0,0.940341,0.515625
528,10.3125,10.3125,0,21.9869,0,0.94068,0.516602
529,10.332,10.332,0,21.8851,0,0.941018,0.517578
530,10.3516,10.3516,1,21.7836,0,0.941355,0.518555
531,10.3711,10.3711,1,21.6823,0,0.94169,0.519531
532,10.3906,10.3906,1,21.5815,0,0.942023,0.520508
533,10.4102,10.4102,0,21.4812,0,0.942354,0.521484
534,10.4297,10.4297,1,21.3815,0,0.942685,0.522461
535,10.4492,10.4492,0,21.2826,0,0.943013,0.523438
536,10.4688,10.4688,0,21.1845,0,0.94334,0.524414
537,10.4883,10.4883,0,21.0872,0,0.943666,0.525391
538,10.5078,10.5078,0,20.9907,0,0.94399,0.526367
539,10.5273,10.5273,0,20.8948,0,0.944313,0.527344
540,10.5469,10.5469,0,20.7994,0,0.944634,0.52832
541,10.5664,10.5664,0,20.7045,0,0.944954,0.529297
542,10.5859,10.5859,2,20.6098,0,0.945272,0.530273
543,10.6055,10.6055,3,20.5154,0,0.945589,0.53125
544,10.625,10.625,0,20.4212,0,0.945904,0.532227
545,10.6445,10.6445,0,20.3273,0,0.946219,0.533203
546,10.6641,10.6641,3,20.2486,0,0.946531,0.53418
547,10.6836,10.6836,0,20.1554,0,0.946842,0.535156
548,10.7031,10.7031,0,20.0629,0,0.947152,0.536133
549,10.7227,10.7227,2,19.9711,0,0.94746,0.537109
550,10.7422,10.7422,0,19.8802,0,0.947767,0.538086
551,10.7617,10.7617,0,19.7904,0,0.948072,0.539063
552,10.7813,10.7813,0,19.7017,0,0.948376,0.540039
553,10.8008,10.8008,2,19.6142,0,0.948679,0.541016
554,10.8203,10.8203,1,19.5277,0,0.94898,0.541992
555,10.8398,10.8398,1,19.4421,0,0.94928,0.542969
556,10.8594,10.8594,1,19.3573,0,0.949579,0.543945
557,10.8789,10.8789,0,19.2731,0,0.949877,0.544922
558,10.8984,10.8984,0,19.1893,0,0.950173,0.545898
559,10.918,10.918,2,19.1057,0,0.950468,0.546875
560,10.9375,10.9375,0,19.0222,0,0.950762,0.547852
561,10.957,10.957,1,18.9387,0,0.951054,0.548828
562,10.9766,10.9766,2,18.8551,0,0.951345,0.549805
563,10.9961,10.9961,0,18.7713,0,0.951635,0.550781
564,11.0156,11.0156,0,18.6871,0,0.951924,0.551758
565,11.0352,11.0352,0,18.6026,0,0.952211,0.552734
566,11.0547,11.0547,0,18.5175,0,0.952497,0.553711
567,11.0742,11.0742,1,18.4318,0,0.952782,0.554688
568,11.0938,11.0938,0,18.3455,0,0.953065,0.555664
569,11.1133,11.1133,1,18.2586,0,0.953347,0.556641
570,11.1328,11.1328,1,18.186,0,0.953628,0.557617
571,11.1523,11.1523,0,18.0981,0,0.953907,0.558594
572,11.1719,11.1719,0,18.0097,0,0.954185,0.55957
573,11.1914,11.1914,0,17.9209,0,0.954462,0.560547
574,11.2109,11.2109,1,17.832,0,0.954737,0.561523
575,11.2305,11.2305,0,17.7431,0,0.955011,0.5625
576,11.25,11.25,1,17.6541,0,0.955283,0.563477
577,11.2695,11.2695,0,17.5653,0,0.955554,0.564453
578,11.2891,11.2891,0,17.4769,0,0.955824,0.56543
579,11.3086,11.3086,2,17.3889,0,0.956092,0.566406
580,11.3281,11.3281,0,17.3017,0,0.956359,0.567383
581,11.3477,11.3477,0,17.2153,0,0.956625,0.568359
582,11.3672,11.3672,2,17.1301,0,0.956889,0.569336
583,11.3867,11.3867,3,17.0462,0,0.957151,0.570313
584,11.4063,11.4063,0,16.9636,0,0.957413,0.571289
585,11.4258,11.4258,0,16.8823,0,0.957673,0.572266
586,11.4453,11.4453,1,16.8023,0,0.957933,0.573242
587,11.4648,11.4648,0,16.7234,0,0.958191,0.574219
588,11.4844,11.4844,0,16.6454,0,0.958447,0.575195
589,11.5039,11.5039,0,16.5682,0,0.958703,0.576172
590,11.5234,11.5234,0,16.4914,0,0.958958,0.577148
591,11.543,11.543,0,16.415,0,0.959211,0.578125
592,11.5625,11.5625,0,16.3388,0,0.959463,0.579102
593,11.582,11.582,0,16.2627,0,0.959714,0.580078
594,11.6016,11.6016,0,16.1867,0,0.959964,0.581055
595,11.6211,11.6211,0,16.1108,0,0.960213,0.582031
596,11.6406,11.6406,0,16.0348,0,0.96046,0.583008
597,11.6602,11.6602,0,15.9589,0,0.960706,0.583984
598,11.6797,11.6797,1,15.8829,0,0.960952,0.584961
599,11.6992,11.6992,1,15.807,0,0.961196,0.585938
600,11.7188,11.7188,2,15.731,0,0.961438,0.586914
601,11.7383,11.7383,0,15.6551,0,0.96168,0.587891
602,11.7578,11.7578,2,15.5791,0,0.961921,0.588867
603,11.7773,11.7773,2,15.5031,0,0.96216,0.589844
604,11.7969,11.7969,1,15.4272,0,0.962398,0.59082
605,11.8164,11.8164,0,15.3512,0,0.962635,0.591797
606,11.8359,11.8359,0,15.2753,0,0.962871,0.592773
607,11.8555,11.8555,1,15.1994,0,0.963106,0.59375
608,11.875,11.875,1,15.1237,0,0.963339,0.594727
609,11.8945,11.8945,1,15.0481,0,0.963571,0.595703
610,11.9141,11.9141,2,14.9729,0,0.963802,0.59668
611,11.9336,11.9336,0,14.898,0,0.964032,0.597656
612,11.9531,11.9531,2,14.8238,0,0.964261,0.598633
613,11.9727,11.9727,1,14.7502,0,0.964489,0.599609
614,11.9922,11.9922,0,14.6775,0,0.964715,0.600586
615,12.0117,12.0117,0,14.6058,0,0.964941,0.601563
616,12.0313,12.0313,2,14.5352,0,0.965165,0.602539
617,12.0508,12.0508,0,14.4655,0,0.965388,0.603516
618,12.0703,12.0703,1,14.3969,0,0.96561,0.604492
619,12.0898,12.0898,1,14.3291,0,0.965831,0.605469
620,12.1094,12.1094,0,14.262,0,0.966051,0.606445
621,12.1289,12.1289,0,14.1955,0,0.966271,0.607422
622,12.1484,12.1484,0,14.1293,0,0.966489,0.608398
623,12.168,12.168,0,14.0635,0,0.966706,0.609375
624,12.1875,12.1875,0,13.9978,0,0.966922,0.610352
625,12.207,12.207,0,13.9323,0,0.967137,0.611328
626,12.2266,12.2266,1,13.8667,0,0.967351,0.612305
627,12.2461,12.2461,0,13.8012,0,0.967564,0.613281
628,12.2656,12.2656,0,13.7357,0,0.967777,0.614258
629,12.2852,12.2852,1,13.67,0,0.967988,0.615234
630,12.3047,12.3047,0,13.6044,0,0.968198,0.616211
631,12.3242,12.3242,0,13.5386,0,0.968407,0.617188
632,12.3438,12.3438,0,13.4727,0,0.968615,0.618164
633,12.3633,12.3633,0,13.4067,0,0.968822,0.619141
634,12.3828,12.3828,2,13.3407,0,0.969028,0.620117
635,12.4023,12.4023,0,13.2746,0,0.969233,0.621094
636,12.4219,12.4219,3,13.2084,0,0.969437,0.62207
637,12.4414,12.4414,1,13.1422,0,0.96964,0.623047
638,12.4609,12.4609,0,13.076,0,0.969842,0.624023
639,12.4805,12.4805,0,13.0098,0,0.970043,0.625
640,12.5,12.5,0,12.9438,0,0.970243,0.625977
641,12.5195,12.5195,0,12.8779,0,0.970442,0.626953
642,12.5391,12.5391,0,12.8122,0,0.97064,0.62793
643,12.5586,12.5586,0,12.747,0,0.970836,0.628906
644,12.5781,12.5781,1,12.6822,0,0.971032,0.629883
645,12.5977,12.5977,0,12.6181,0,0.971227,0.630859
646,12.6172,12.6172,0,12.5547,0,0.971421,0.631836
647,12.6367,12.6367,1,12.4922,0,0.971614,0.632813
648,12.6563,12.6563,1,12.4306,0,0.971805,0.633789
649,12.6758,12.6758,1,12.3699,0,0.971996,0.634766
650,12.6953,12.6953,0,12.3101,0,0.972186,0.635742
651,12.7148,12.7148,1,12.251,0,0.972376,0.636719
652,12.7344,12.7344,0,12.1925,0,0.972564,0.637695
653,12.7539,12.7539,1,12.1345,0,0.972751,0.638672
654,12.7734,12.7734,0,12.077,0,0.972938,0.639648
655,12.793,12.793,0,12.028,0,0.973124,0.640625
656,12.8125,12.8125,0,11.971,0,0.973308,0.641602
657,12.832,12.832,0,11.914,0,0.973492,0.642578
658,12.8516,12.8516,1,11.8573,0,0.973675,0.643555
659,12.8711,12.8711,0,11.8006,0,0.973858,0.644531
660,12.8906,12.8906,0,11.7442,0,0.974039,0.645508
661,12.9102,12.9102,0,11.6879,0,0.974219,0.646484
662,12.9297,12.9297,0,11.6318,0,0.974399,0.647461
663,12.9492,12.9492,0,11.576,0,0.974577,0.648438
664,12.9688,12.9688,1,11.5204,0,0.974755,0.649414
665,12.9883,12.9883,0,11.4651,0,0.974932,0.650391
666,13.0078,13.0078,1,11.41,0,0.975108,0.651367
667,13.0273,13.0273,0,11.3551,0,0.975284,0.652344
668,13.0469,13.0469,0,11.3004,0,0.975458,0.65332
669,13.0664,13.0664,0,11.2459,0,0.975632,0.654297
670,13.0859,13.0859,0,11.1914,0,0.975805,0.655273
671,13.1055,13.1055,0,11.137,0,0.975977,0.65625
672,13.125,13.125,0,11.0827,0,0.976148,0.657227
673,13.1445,13.1445,0,11.0283,0,0.976318,0.658203
674,13.1641,13.1641,1,10.9739,0,0.976488,0.65918
675,13.1836,13.1836,1,10.9195,0,0.976656,0.660156
676,13.2031,13.2031,0,10.865,0,0.976824,0.661133
677,13.2227,13.2227,0,10.8104,0,0.976991,0.662109
678,13.2422,13.2422,0,10.7557,0,0.977157,0.663086
679,13.2617,13.2617,1,10.7008,0,0.977322,0.664063
680,13.2813,13.2813,0,10.6458,0,0.977487,0.665039
681,13.3008,13.3008,0,10.5991,0,0.97765,0.666016
682,13.3203,13.3203,0,10.5438,0,0.977813,0.666992
683,13.3398,13.3398,0,10.4885,0,0.977975,0.667969
684,13.3594,13.3594,0,10.433,0,0.978136,0.668945
685,13.3789,13.3789,0,10.3775,0,0.978296,0.669922
686,13.3984,13.3984,0,10.322,0,0.978455,0.670898
687,13.418,13.418,0,10.2665,0,0.978614,0.671875
688,13.4375,13.4375,0,10.2111,0,0.978771,0.672852
689,13.457,13.457,0,10.1557,0,0.978928,0.673828
690,13.4766,13.4766,0,10.1007,0,0.979084,0.674805
691,13.4961,13.4961,0,10.0459,0,0.979239,0.675781
692,13.5156,13.5156,0,9.99147,0,0.979393,0.676758
693,13.5352,13.5352,0,9.93759,0,0.979547,0.677734
694,13.5547,13.5547,0,9.88429,0,0.979699,0.678711
695,13.5742,13.5742,0,9.83166,0,0.979851,0.679688
696,13.5938,13.5938,1,9.77972,0,0.980001,0.680664
697,13.6133,13.6133,0,9.72848,0,0.980151,0.681641
698,13.6328,13.6328,0,9.6779,0,0.980301,0.682617
699,13.6523,13.6523,0,9.62791,0,0.980449,0.683594
700,13.6719,13.6719,2,9.57843,0,0.980597,0.68457
701,13.6914,13.6914,0,9.52935,0,0.980744,0.685547
702,13.7109,13.7109,0,9.4806,0,0.98089,0.686523
703,13.7305,13.7305,0,9.43209,0,0.981036,0.6875
704,13.75,13.75,0,9.38379,0,0.981181,0.688477
705,13.7695,13.7695,2,9.33565,0,0.981325,0.689453
706,13.7891,13.7891,0,9.28768,0,0.981468,0.69043
707,13.8086,13.8086,2,9.2399,0,0.981611,0.691406
708,13.8281,13.8281,0,9.19232,0,0.981753,0.692383
709,13.8477,13.8477,0,9.145,0,0.981894,0.693359
710,13.8672,13.8672,0,9.09797,0,0.982034,0.694336
711,13.8867,13.8867,0,9.05125,0,0.982174,0.695313
712,13.9063,13.9063,0,9.00486,0,0.982313,0.696289
713,13.9258,13.9258,0,8.9588,0,0.982451,0.697266
714,13.9453,13.9453,0,8.91306,0,0.982589,0.698242
715,13.9648,13.9648,0,8.8676,0,0.982725,0.699219
716,13.9844,13.9844,1,8.82237,0,0.982862,0.700195
717,14.0039,14.0039,0,8.77732,0,0.982997,0.701172
718,14.0234,14.0234,0,8.7324,0,0.983132,0.702148
719,14.043,14.043,0,8.68757,0,0.983266,0.703125
720,14.0625,14.0625,0,8.64276,0,0.983399,0.704102
721,14.082,14.082,2,8.59793,0,0.983532,0.705078
722,14.1016,14.1016,0,8.55302,0,0.983664,0.706055
723,14.1211,14.1211,0,8.50801,0,0.983796,0.707031
724,14.1406,14.1406,0,8.46282,0,0.983926,0.708008
725,14.1602,14.1602,0,8.41743,0,0.984056,0.708984
726,14.1797,14.1797,0,8.37178,0,0.984186,0.709961
727,14.1992,14.1992,1,8.32586,0,0.984314,0.710938
728,14.2188,14.2188,0,8.27964,0,0.984442,0.711914
729,14.2383,14.2383,0,8.23313,0,0.984569,0.712891
730,14.2578,14.2578,0,8.18634,0,0.984696,0.713867
731,14.2773,14.2773,1,8.1393,0,0.984821,0.714844
732,14.2969,14.2969,0,8.09207,0,0.984946,0.71582
733,14.3164,14.3164,0,8.0447,0,0.985071,0.716797
734,14.3359,14.3359,0,7.99724,0,0.985194,0.717773
735,14.3555,14.3555,0,7.94977,0,0.985317,0.71875
736,14.375,14.375,0,7.90237,0,0.985439,0.719727
737,14.3945,14.3945,0,7.85513,0,0.98556,0.720703
738,14.4141,14.4141,0,7.80816,0,0.985681,0.72168
739,14.4336,14.4336,0,7.76158,0,0.985801,0.722656
740,14.4531,14.4531,0,7.71551,0,0.98592,0.723633
741,14.4727,14.4727,1,7.67008,0,0.986038,0.724609
742,14.4922,14.4922,0,7.62538,0,0.986156,0.725586
743,14.5117,14.5117,0,7.58151,0,0.986272,0.726563
744,14.5313,14.5313,0,7.5385,0,0.986389,0.727539
745,14.5508,14.5508,0,7.49636,0,0.986504,0.728516
746,14.5703,14.5703,0,7.45504,0,0.986619,0.729492
747,14.5898,14.5898,0,7.41445,0,0.986734,0.730469
748,14.6094,14.6094,2,7.37449,0,0.986848,0.731445
749,14.6289,14.6289,1,7.33503,0,0.986961,0.732422
750,14.6484,14.6484,1,7.29594,0,0.987073,0.733398
751,14.668,14.668,0,7.2571,0,0.987185,0.734375
752,14.6875,14.6875,0,7.2184,0,0.987297,0.735352
753,14.707,14.707,0,7.17973,0,0.987408,0.736328
754,14.7266,14.7266,0,7.141,0,0.987518,0.737305
755,14.7461,14.7461,0,7.10214,0,0.987628,0.738281
756,14.7656,14.7656,1,7.06305,0,0.987737,0.739258
757,14.7852,14.7852,0,7.02369,0,0.987846,0.740234
758,14.8047,14.8047,0,6.98398,0,0.987954,0.741211
759,14.8242,14.8242,0,6.94389,0,0.988061,0.742188
760,14.8438,14.8438,1,6.90339,0,0.988168,0.743164
761,14.8633,14.8633,0,6.86249,0,0.988274,0.744141
762,14.8828,14.8828,0,6.82121,0,0.988379,0.745117
763,14.9023,14.9023,0,6.77959,0,0.988484,0.746094
764,14.9219,14.9219,1,6.73767,0,0.988588,0.74707
765,14.9414,14.9414,1,6.69551,0,0.988691,0.748047
766,14.9609,14.9609,0,6.65317,0,0.988794,0.749023
767,14.9805,14.9805,0,6.61071,0,0.988896,0.75
768,15,15,0,6.56815,0,0.988998,0.750977
769,15.0195,15.0195,0,6.52556,0,0.989099,0.751953
770,15.0391,15.0391,0,6.48295,0,0.989199,0.75293
771,15.0586,15.0586,0,6.44036,0,0.989298,0.753906
772,15.0781,15.0781,0,6.39782,0,0.989397,0.754883
773,15.0977,15.0977,0,6.35939,0,0.989495,0.755859
774,15.1172,15.1172,1,6.31696,0,0.989593,0.756836
775,15.1367,15.1367,0,6.27462,0,0.98969,0.757813
776,15.1563,15.1563,0,6.23236,0,0.989786,0.758789
777,15.1758,15.1758,0,6.19019,0,0.989881,0.759766
778,15.1953,15.1953,0,6.14811,0,0.989976,0.760742
779,15.2148,15.2148,0,6.10611,0,0.990071,0.761719
780,15.2344,15.2344,0,6.0642,0,0.990164,0.762695
781,15.2539,15.2539,0,6.02237,0,0.990257,0.763672
782,15.2734,15.2734,1,5.98064,0,0.99035,0.764648
783,15.293,15.293,0,5.93902,0,0.990441,0.765625
784,15.3125,15.3125,0,5.89757,0,0.990532,0.766602
785,15.332,15.332,0,5.85633,0,0.990623,0.767578
786,15.3516,15.3516,0,5.81538,0,0.990713,0.768555
787,15.3711,15.3711,0,5.77481,0,0.990802,0.769531
788,15.3906,15.3906,0,5.73473,0,0.99089,0.770508
789,15.4102,15.4102,0,5.69523,0,0.990978,0.771484
790,15.4297,15.4297,0,5.6564,0,0.991065,0.772461
791,15.4492,15.4492,0,5.61831,0,0.991152,0.773438
792,15.4688,15.4688,1,5.581,0,0.991238,0.774414
793,15.4883,15.4883,1,5.54447,0,0.991323,0.775391
794,15.5078,15.5078,0,5.50867,0,0.991408,0.776367
795,15.5273,15.5273,0,5.47354,0,0.991493,0.777344
796,15.5469,15.5469,0,5.43898,0,0.991577,0.77832
797,15.5664,15.5664,0,5.4049,0,0.99166,0.779297
798,15.5859,15.5859,1,5.3712,0,0.991743,0.780273
799,15.6055,15.6055,0,5.33778,0,0.991825,0.78125
800,15.625,15.625,0,5.30455,0,0.991907,0.782227
801,15.6445,15.6445,0,5.27553,0,0.991989,0.783203
802,15.6641,15.6641,0,5.24253,0,0.99207,0.78418
803,15.6836,15.6836,1,5.20959,0,0.99215,0.785156
804,15.7031,15.7031,0,5.1767,0,0.99223,0.786133
805,15.7227,15.7227,0,5.14384,0,0.992309,0.787109
806,15.7422,15.7422,0,5.11101,0,0.992388,0.788086
807,15.7617,15.7617,0,5.0782,0,0.992467,0.789063
808,15.7813,15.7813,0,5.04541,0,0.992544,0.790039
809,15.8008,15.8008,1,5.01264,0,0.992622,0.791016
810,15.8203,15.8203,0,4.9799,0,0.992699,0.791992
811,15.8398,15.8398,0,4.94718,0,0.992775,0.792969
812,15.8594,15.8594,0,4.9145,0,0.992851,0.793945
813,15.8789,15.8789,0,4.88186,0,0.992926,0.794922
814,15.8984,15.8984,0,4.84928,0,0.993001,0.795898
815,15.918,15.918,0,4.8168,0,0.993075,0.796875
816,15.9375,15.9375,1,4.78446,0,0.993149,0.797852
817,15.957,15.957,0,4.75231,0,0.993223,0.798828
818,15.9766,15.9766,0,4.72042,0,0.993295,0.799805
819,15.9961,15.9961,0,4.68888,0,0.993368,0.800781
820,16.0156,16.0156,0,4.65778,0,0.99344,0.801758
821,16.0352,16.0352,0,4.62721,0,0.993511,0.802734
822,16.0547,16.0547,0,4.59724,0,0.993582,0.803711
823,16.0742,16.0742,0,4.56794,0,0.993652,0.804688
824,16.0938,16.0938,0,4.53934,0,0.993722,0.805664
825,16.1133,16.1133,0,4.51143,0,0.993791,0.806641
826,16.1328,16.1328,0,4.48418,0,0.993861,0.807617
827,16.1523,16.1523,0,4.45752,0,0.993929,0.808594
828,16.1719,16.1719,1,4.43137,0,0.993998,0.80957
829,16.1914,16.1914,0,4.40563,0,0.994066,0.810547
830,16.2109,16.2109,1,4.38018,0,0.994133,0.811523
831,16.2305,16.2305,0,4.35491,0,0.9942,0.8125
832,16.25,16.25,1,4.32972,0,0.994267,0.813477
833,16.2695,16.2695,0,4.30449,0,0.994334,0.814453
834,16.2891,16.2891,0,4.27912,0,0.9944,0.81543
835,16.3086,16.3086,0,4.25351,0,0.994466,0.816406
836,16.3281,16.3281,0,4.22756,0,0.994531,0.817383
837,16.3477,16.3477,1,4.20118,0,0.994596,0.818359
838,16.3672,16.3672,0,4.1743,0,0.99466,0.819336
839,16.3867,16.3867,1,4.14686,0,0.994725,0.820313
840,16.4063,16.4063,0,4.11884,0,0.994788,0.821289
841,16.4258,16.4258,0,4.09024,0,0.994852,0.822266
842,16.4453,16.4453,0,4.06108,0,0.994914,0.823242
843,16.4648,16.4648,0,4.03142,0,0.994977,0.824219
844,16.4844,16.4844,1,4.00131,0,0.995039,0.825195
845,16.5039,16.5039,0,3.97084,0,0.9951,0.826172
846,16.5234,16.5234,0,3.94007,0,0.995161,0.827148
847,16.543,16.543,1,3.90909,0,0.995221,0.828125
848,16.5625,16.5625,0,3.87795,0,0.995281,0.829102
849,16.582,16.582,0,3.8467,0,0.99534,0.830078
850,16.6016,16.6016,0,3.81537,0,0.995399,0.831055
851,16.6211,16.6211,0,3.784,0,0.995458,0.832031
852,16.6406,16.6406,0,3.75261,0,0.995516,0.833008
853,16.6602,16.6602,0,3.72119,0,0.995573,0.833984
854,16.6797,16.6797,1,3.68977,0,0.99563,0.834961
855,16.6992,16.6992,0,3.65834,0,0.995687,0.835938
856,16.7188,16.7188,0,3.62692,0,0.995743,0.836914
857,16.7383,16.7383,0,3.59549,0,0.995798,0.837891
858,16.7578,16.7578,1,3.56407,0,0.995853,0.838867
859,16.7773,16.7773,1,3.53265,0,0.995908,0.839844
860,16.7969,16.7969,0,3.50124,0,0.995962,0.84082
861,16.8164,16.8164,0,3.46985,0,0.996015,0.841797
862,16.8359,16.8359,0,3.43849,0,0.996069,0.842773
863,16.8555,16.8555,0,3.40717,0,0.996121,0.84375
864,16.875,16.875,0,3.37591,0,0.996173,0.844727
865,16.8945,16.8945,0,3.34474,0,0.996225,0.845703
866,16.9141,16.9141,0,3.31369,0,0.996276,0.84668
867,16.9336,16.9336,0,3.2828,0,0.996327,0.847656
868,16.9531,16.9531,0,3.2521,0,0.996377,0.848633
869,16.9727,16.9727,0,3.22163,0,0.996427,0.849609
870,16.9922,16.9922,0,3.19142,0,0.996476,0.850586
871,17.0117,17.0117,0,3.1615,0,0.996525,0.851563
872,17.0313,17.0313,0,3.13187,0,0.996573,0.852539
873,17.0508,17.0508,0,3.10255,0,0.996621,0.853516
874,17.0703,17.0703,0,3.07351,0,0.996668,0.854492
875,17.0898,17.0898,0,3.04475,0,0.996715,0.855469
876,17.1094,17.1094,0,3.01624,0,0.996762,0.856445
877,17.1289,17.1289,0,2.98797,0,0.996808,0.857422
878,17.1484,17.1484,0,2.95992,0,0.996854,0.858398
879,17.168,17.168,0,2.93209,0,0.996899,0.859375
880,17.1875,17.1875,0,2.90451,0,0.996944,0.860352
881,17.207,17.207,0,2.87721,0,0.996988,0.861328
882,17.2266,17.2266,0,2.85026,0,0.997032,0.862305
883,17.2461,17.2461,0,2.82372,0,0.997076,0.863281
884,17.2656,17.2656,0,2.79768,0,0.997119,0.864258
885,17.2852,17.2852,0,2.77222,0,0.997162,0.865234
886,17.3047,17.3047,0,2.74743,0,0.997204,0.866211
887,17.3242,17.3242,0,2.72336,0,0.997246,0.867188
888,17.3438,17.3438,0,2.70003,0,0.997287,0.868164
889,17.3633,17.3633,0,2.67744,0,0.997328,0.869141
890,17.3828,17.3828,0,2.65556,0,0.997369,0.870117
891,17.4023,17.4023,0,2.63433,0,0.99741,0.871094
892,17.4219,17.4219,0,2.61366,0,0.99745,0.87207
893,17.4414,17.4414,0,2.59346,0,0.99749,0.873047
894,17.4609,17.4609,0,2.57362,0,0.99753,0.874023
895,17.4805,17.4805,0,2.55405,0,0.997569,0.875
896,17.5,17.5,0,2.53464,0,0.997609,0.875977
897,17.5195,17.5195,0,2.51531,0,0.997647,0.876953
898,17.5391,17.5391,0,2.49599,0,0.997686,0.87793
899,17.5586,17.5586,0,2.47661,0,0.997724,0.878906
900,17.5781,17.5781,0,2.45711,0,0.997762,0.879883
901,17.5977,17.5977,1,2.43888,0,0.9978,0.880859
902,17.6172,17.6172,0,2.41902,0,0.997837,0.881836
903,17.6367,17.6367,0,2.39894,0,0.997874,0.882813
904,17.6563,17.6563,0,2.37861,0,0.997911,0.883789
905,17.6758,17.6758,0,2.35805,0,0.997948,0.884766
906,17.6953,17.6953,0,2.33726,0,0.997984,0.885742
907,17.7148,17.7148,0,2.31627,0,0.99802,0.886719
908,17.7344,17.7344,0,2.2951,0,0.998055,0.887695
909,17.7539,17.7539,0,2.27381,0,0.99809,0.888672
910,17.7734,17.7734,0,2.25242,0,0.998125,0.889648
911,17.793,17.793,0,2.23099,0,0.998159,0.890625
912,17.8125,17.8125,0,2.20956,0,0.998194,0.891602
913,17.832,17.832,0,2.18817,0,0.998227,0.892578
914,17.8516,17.8516,0,2.16689,0,0.998261,0.893555
915,17.8711,17.8711,0,2.14576,0,0.998294,0.894531
916,17.8906,17.8906,0,2.12482,0,0.998327,0.895508
917,17.9102,17.9102,0,2.10413,0,0.998359,0.896484
918,17.9297,17.9297,0,2.08371,0,0.998391,0.897461
919,17.9492,17.9492,0,2.0636,0,0.998423,0.898438
920,17.9688,17.9688,0,2.04381,0,0.998455,0.899414
921,17.9883,17.9883,0,2.02433,0,0.998486,0.900391
922,18.0078,18.0078,0,2.00515,0,0.998517,0.901367
923,18.0273,18.0273,0,1.98624,0,0.998547,0.902344
924,18.0469,18.0469,0,1.96757,0,0.998578,0.90332
925,18.0664,18.0664,0,1.94907,0,0.998608,0.904297
926,18.0859,18.0859,0,1.9307,0,0.998638,0.905273
927,18.1055,18.1055,0,1.9124,0,0.998667,0.90625
928,18.125,18.125,0,1.89411,0,0.998696,0.907227
929,18.1445,18.1445,0,1.87575,0,0.998725,0.908203
930,18.1641,18.1641,0,1.85727,0,0.998754,0.90918
931,18.1836,18.1836,0,1.84003,0,0.998782,0.910156
932,18.2031,18.2031,0,1.8211,0,0.998811,0.911133
933,18.2227,18.2227,0,1.80185,0,0.998839,0.912109
934,18.2422,18.2422,0,1.78225,0,0.998866,0.913086
935,18.2617,18.2617,0,1.76224,0,0.998893,0.914063
936,18.2813,18.2813,1,1.74183,0,0.998921,0.915039
937,18.3008,18.3008,0,1.721,0,0.998947,0.916016
938,18.3203,18.3203,0,1.69978,0,0.998973,0.916992
939,18.3398,18.3398,0,1.6782,0,0.998999,0.917969
940,18.3594,18.3594,0,1.65631,0,0.999025,0.918945
941,18.3789,18.3789,0,1.63417,0,0.99905,0.919922
942,18.3984,18.3984,0,1.61182,0,0.999075,0.920898
943,18.418,18.418,0,1.58934,0,0.9991,0.921875
944,18.4375,18.4375,0,1.56677,0,0.999124,0.922852
945,18.457,18.457,0,1.54418,0,0.999148,0.923828
946,18.4766,18.4766,0,1.52161,0,0.999171,0.924805
947,18.4961,18.4961,0,1.4991,0,0.999194,0.925781
948,18.5156,18.5156,0,1.47669,0,0.999217,0.926758
949,18.5352,18.5352,0,1.45442,0,0.99924,0.927734
950,18.5547,18.5547,0,1.4323,0,0.999262,0.928711
951,18.5742,18.5742,0,1.41035,0,0.999283,0.929688
952,18.5938,18.5938,0,1.3886,0,0.999305,0.930664
953,18.6133,18.6133,0,1.36702,0,0.999326,0.931641
954,18.6328,18.6328,0,1.34563,0,0.999347,0.932617
955,18.6523,18.6523,0,1.32442,0,0.999367,0.933594
956,18.6719,18.6719,0,1.30335,0,0.999387,0.93457
957,18.6914,18.6914,0,1.28243,0,0.999407,0.935547
958,18.7109,18.7109,0,1.26164,0,0.999426,0.936523
959,18.7305,18.7305,0,1.24096,0,0.999445,0.9375
960,18.75,18.75,0,1.22039,0,0.999464,0.938477
961,18.7695,18.7695,0,1.19993,0,0.999483,0.939453
962,18.7891,18.7891,0,1.17959,0,0.999501,0.94043
963,18.8086,18.8086,0,1.15939,0,0.999519,0.941406
964,18.8281,18.8281,0,1.13933,0,0.999537,0.942383
965,18.8477,18.8477,0,1.11944,0,0.999554,0.943359
966,18.8672,18.8672,0,1.09973,0,0.999571,0.944336
967,18.8867,18.8867,0,1.08021,0,0.999587,0.945313
968,18.9063,18.9063,0,1.06089,0,0.999604,0.946289
969,18.9258,18.9258,0,1.04177,0,0.99962,0.947266
970,18.9453,18.9453,0,1.02283,0,0.999635,0.948242
971,18.9648,18.9648,0,1.00406,0,0.999651,0.949219
972,18.9844,18.9844,0,0.985418,0,0.999666,0.950195
973,19.0039,19.0039,0,0.966879,0,0.999681,0.951172
974,19.0234,19.0234,0,0.9484,0,0.999696,0.952148
975,19.043,19.043,0,0.929932,0,0.99971,0.953125
976,19.0625,19.0625,0,0.911422,0,0.999724,0.954102
977,19.082,19.082,0,0.892813,0,0.999738,0.955078
978,19.1016,19.1016,0,0.87404,0,0.999751,0.956055
979,19.1211,19.1211,0,0.855041,0,0.999765,0.957031
980,19.1406,19.1406,0,0.835751,0,0.999778,0.958008
981,19.1602,19.1602,0,0.816114,0,0.99979,0.958984
982,19.1797,19.1797,0,0.796079,0,0.999803,0.959961
983,19.1992,19.1992,0,0.775611,0,0.999815,0.960938
984,19.2188,19.2188,0,0.754692,0,0.999827,0.961914
985,19.2383,19.2383,0,0.733324,0,0.999838,0.962891
986,19.2578,19.2578,0,0.71153,0,0.999849,0.963867
987,19.2773,19.2773,0,0.68935,0,0.99986,0.964844
988,19.2969,19.2969,0,0.666839,0,0.99987,0.96582
989,19.3164,19.3164,0,0.644064,0,0.99988,0.966797
990,19.3359,19.3359,0,0.621097,0,0.99989,0.967773
991,19.3555,19.3555,0,0.598017,0,0.999899,0.96875
992,19.375,19.375,0,0.574903,0,0.999908,0.969727
993,19.3945,19.3945,0,0.551597,0,0.999917,0.970703
994,19.4141,19.4141,0,0.528251,0,0.999925,0.97168
995,19.4336,19.4336,0,0.504841,0,0.999932,0.972656
996,19.4531,19.4531,0,0.481303,0,0.99994,0.973633
997,19.4727,19.4727,0,0.457522,0,0.999947,0.974609
998,19.4922,19.4922,0,0.433334,0,0.999954,0.975586
999,19.5117,19.5117,0,0.408536,0,0.99996,0.976563
1000,19.5313,19.5313,0,0.382909,0,0.999966,0.977539
1001,19.5508,19.5508,0,0.356255,0,0.999972,0.978516
1002,19.5703,19.5703,0,0.328441,0,0.999977,0.979492
1003,19.5898,19.5898,0,0.299451,0,0.999982,0.980469
1004,19.6094,19.6094,0,0.269431,0,0.999987,0.981445
1005,19.6289,19.6289,0,0.238708,0,0.999992,0.982422
1006,19.6484,19.6484,0,0.207792,0,0.999996,0.983398
1007,19.668,19.668,0,0.177339,0,1,0.984375
1008,19.6875,19.6875,0,0.148081,0,1,0.985352
1009,19.707,19.707,0,0.120748,0,1,0.986328
1010,19.7266,19.7266,0,0.0959769,0,1,0.987305
1011,19.7461,19.7461,0,0.0742399,0,1,0.988281
1012,19.7656,19.7656,0,0.0557968,0,1,0.989258
1013,19.7852,19.7852,0,0.0406841,0,1,0.990234
1014,19.8047,19.8047,0,0.0287349,0,1,0.991211
1015,19.8242,19.8242,0,0.0196252,0,1,0.992188
1016,19.8438,19.8438,0,0.0129319,0,1,0.993164
1017,19.8633,19.8633,0,0.00819428,0,1,0.994141
1018,19.8828,19.8828,0,0.00496677,0,1,0.995117
1019,19.9023,19.9023,0,0.00285199,0,1,0.996094
1020,19.9219,19.9219,0,0.00152069,0,1,0.99707
1021,19.9414,19.9414,0,0.000717022,0,1,0.998047
1022,19.9609,19.9609,0,0.000253497,0,1,0.999023
1023,19.9805,19.9805,0,0,0,1,1
