Trajectory index, Trajectory type, X (A), Y (A), Z (A), E (keV), indexRegion, collisionType
1, 3, -1.32635e-008, -5.95469e-008, 0, 10, 0, 1
1, 3, -1.32635e-008, -5.95469e-008, 50, 9.9505, 0, 2
1, 3, -1.32635e-008, -5.95469e-008, 51, 9.9505, 0, 3
2, 3, -1.98524e-008, -4.33216e-009, 0, 10, 0, 1
2, 3, -1.98524e-008, -4.33216e-009, 11.5458, 9.98857, 0, 5
2, 3, -0.0449121, -0.259779, 20.0009, 9.98019, 0, 5
2, 3, -0.207219, -1.35411, 32.6133, 9.96763, 0, 5
2, 3, -0.849743, -2.62239, 48.1696, 9.95213, 0, 5
2, 3, -0.923323, -2.74286, 50, 9.9503, 0, 2
2, 3, -0.963404, -2.80848, 50.997, 9.9503, 0, 3
3, 3, -2.5865e-008, 2.31285e-008, 0, 10, 0, 1
3, 3, -2.5865e-008, 2.31285e-008, 34.5169, 9.96583, 0, 5
3, 3, -0.00350359, -0.00490979, 34.806, 9.96554, 0, 5
3, 3, 0.0345886, 0.167593, 36.7219, 9.96363, 0, 5
3, 3, 9.71247, 4.92422, 50, 9.94665, 0, 2
3, 3, 10.2782, 5.2023, 50.7763, 9.94665, 0, 3
4, 3, 7.15905e-008, -5.65876e-008, 0, 10, 0, 1
4, 3, 7.15905e-008, -5.65876e-008, 4.78733, 9.99526, 0, 5
4, 3, 0.0839473, -0.0157598, 9.0231, 9.99106, 0, 5
4, 3, 0.953089, 2.07649, 33.8296, 9.96638, 0, 5
4, 3, 2.36158, 3.36763, 50, 9.95022, 0, 2
4, 3, 2.44809, 3.44692, 50.9931, 9.95022, 0, 3
5, 3, 4.75451e-008, -3.47738e-008, 0, 10, 0, 1
5, 3, 4.75451e-008, -3.47738e-008, 31.2103, 9.9691, 0, 5
5, 3, 0.8028, -0.723253, 50, 9.95042, 0, 2
5, 3, 0.845456, -0.761681, 50.9984, 9.95042, 0, 3
6, 3, -1.19111e-009, -2.82122e-008, 0, 10, 0, 1
6, 3, -1.19111e-009, -2.82122e-008, 50, 9.9505, 0, 2
6, 3, -1.19111e-009, -2.82122e-008, 51, 9.9505, 0, 3
7, 3, -9.72484e-008, 2.88039e-010, 0, 10, 0, 1
7, 3, -9.72484e-008, 2.88039e-010, 9.58524, 9.99051, 0, 5
7, 3, 0.805726, 0.0814834, 30.8713, 9.9694, 0, 5
7, 3, 0.936696, 3.05706, 50, 9.95019, 0, 2
7, 3, 0.943461, 3.21077, 50.9881, 9.95019, 0, 3
8, 3, -6.70807e-008, 2.21949e-008, 0, 10, 0, 1
8, 3, -6.70807e-008, 2.21949e-008, 8.51631, 9.99157, 0, 5
8, 3, -0.204939, 0.432248, 23.1751, 9.97704, 0, 5
8, 3, -0.0593355, 1.10366, 37.1652, 9.96315, 0, 5
8, 3, 1.06569, 1.40433, 50, 9.95035, 0, 2
8, 3, 1.15299, 1.42766, 50.9959, 9.95035, 0, 3
9, 3, -5.3887e-008, 4.56287e-008, 0, 10, 0, 1
9, 3, -5.3887e-008, 4.56287e-008, 1.35153, 9.99866, 0, 5
9, 3, -0.016321, 0.00896176, 3.71988, 9.99632, 0, 5
9, 3, 1.97555, 2.76362, 25.304, 9.97468, 0, 5
9, 3, 3.74183, 4.28473, 36.1048, 9.96372, 0, 5
9, 3, 5.06952, 4.76025, 45.1868, 9.95459, 0, 5
9, 3, 5.68713, 5.62244, 50, 9.9497, 0, 2
9, 3, 5.81244, 5.79738, 50.9766, 9.9497, 0, 3
10, 3, -5.05249e-008, -3.10212e-008, 0, 10, 0, 1
10, 3, -5.05249e-008, -3.10212e-008, 22.5297, 9.97769, 0, 5
10, 3, 3.13828, -1.90963, 23.9382, 9.97379, 0, 5
10, 3, 12.8617, -7.31061, 28.5585, 9.96184, 0, 5
10, 3, 13.4812, -7.632, 28.8338, 9.9611, 0, 5
10, 3, 21.4861, -12.4625, 33.8774, 9.95055, 0, 5
10, 3, 28.5762, -16.4943, 38.3634, 9.9413, 0, 5
10, 3, 32.0932, -19.4662, 39.8072, 9.9365, 0, 5
10, 3, 35.9365, -22.8428, 41.4054, 9.93117, 0, 5
10, 3, 49.2961, -33.7553, 47.494, 9.91297, 0, 5
10, 3, 54.7743, -38.3727, 49.5275, 9.90554, 0, 5
10, 3, 56.1335, -39.5679, 50, 9.90368, 0, 2
10, 3, 56.86, -40.2068, 50.2526, 9.90368, 0, 3
11, 3, -2.53932e-008, 1.30669e-008, 0, 10, 0, 1
11, 3, -2.53932e-008, 1.30669e-008, 45.6438, 9.95481, 0, 5
11, 3, -0.0563811, 0.122359, 50, 9.95048, 0, 2
11, 3, -0.0693176, 0.150434, 50.9995, 9.95048, 0, 3
12, 3, -7.76593e-009, 6.24737e-008, 0, 10, 0, 1
12, 3, -7.76593e-009, 6.24737e-008, 46.172, 9.95429, 0, 5
12, 3, -0.0854096, 0.00430347, 50, 9.95048, 0, 2
12, 3, -0.107716, 0.00542739, 50.9998, 9.95048, 0, 3
13, 3, 1.56656e-008, -1.74696e-008, 0, 10, 0, 1
13, 3, 1.56656e-008, -1.74696e-008, 49.7865, 9.95071, 0, 5
13, 3, 0.00603972, 0.00497364, 50, 9.95049, 0, 2
13, 3, 0.0343032, 0.0282484, 50.9993, 9.95049, 0, 3
14, 3, -1.91101e-008, -1.1387e-009, 0, 10, 0, 1
14, 3, -1.91101e-008, -1.1387e-009, 50, 9.9505, 0, 2
14, 3, -1.91101e-008, -1.1387e-009, 51, 9.9505, 0, 3
15, 3, -3.2776e-008, 3.09694e-009, 0, 10, 0, 1
15, 3, -3.2776e-008, 3.09694e-009, 30.6213, 9.96968, 0, 5
15, 3, 0.232427, 0.18874, 40.5089, 9.95987, 0, 5
15, 3, 0.603603, 1.87782, 46.7547, 9.95343, 0, 5
15, 3, 0.850583, 2.98202, 50, 9.95002, 0, 2
15, 3, 0.922445, 3.30331, 50.9443, 9.95002, 0, 3
16, 3, -1.34159e-008, -4.64781e-008, 0, 10, 0, 1
16, 3, -1.34159e-008, -4.64781e-008, 50, 9.9505, 0, 2
16, 3, -1.34159e-008, -4.64781e-008, 51, 9.9505, 0, 3
17, 3, 6.72496e-009, 7.09845e-008, 0, 10, 0, 1
17, 3, 6.72496e-009, 7.09845e-008, 50, 9.9505, 0, 2
17, 3, 6.72496e-009, 7.09845e-008, 51, 9.9505, 0, 3
18, 3, -4.27301e-009, -4.3996e-008, 0, 10, 0, 1
18, 3, -4.27301e-009, -4.3996e-008, 3.7532, 9.99628, 0, 5
18, 3, -0.262146, -2.53987, 50, 9.95041, 0, 2
18, 3, -0.267805, -2.5947, 50.9985, 9.95041, 0, 3
19, 3, -3.4529e-008, 1.28147e-008, 0, 10, 0, 1
19, 3, -3.4529e-008, 1.28147e-008, 34.8989, 9.96545, 0, 5
19, 3, -0.313358, 0.104236, 41.1225, 9.95926, 0, 5
19, 3, -0.598304, 0.136471, 46.1987, 9.95421, 0, 5
19, 3, -0.63319, 0.545385, 48.7673, 9.95163, 0, 5
19, 3, -0.582408, 0.646468, 50, 9.9504, 0, 2
19, 3, -0.541384, 0.728127, 50.9958, 9.9504, 0, 3
20, 3, 2.08885e-008, -3.21972e-008, 0, 10, 0, 1
20, 3, 2.08885e-008, -3.21972e-008, 4.32143, 9.99572, 0, 5
20, 3, -1.1403, -1.11974, 50, 9.95045, 0, 2
20, 3, -1.16525, -1.14424, 50.9994, 9.95045, 0, 3
21, 3, -2.00426e-008, -1.35072e-008, 0, 10, 0, 1
21, 3, -2.00426e-008, -1.35072e-008, 23.4534, 9.97678, 0, 5
21, 3, 0.170745, 0.0822768, 27.4506, 9.97281, 0, 5
21, 3, 0.760543, 1.36604, 50, 9.9504, 0, 2
21, 3, 0.786647, 1.42286, 50.998, 9.9504, 0, 3
22, 3, 2.10126e-008, 1.22912e-008, 0, 10, 0, 1
22, 3, 2.10126e-008, 1.22912e-008, 26.2575, 9.974, 0, 5
22, 3, -3.63417, 0.382061, 50, 9.95017, 0, 2
22, 3, -3.78546, 0.397965, 50.9884, 9.95017, 0, 3
23, 3, 2.05455e-008, -1.70139e-008, 0, 10, 0, 1
23, 3, 2.05455e-008, -1.70139e-008, 1.25512, 9.99876, 0, 5
23, 3, 1.52056, -5.94866, 50, 9.95011, 0, 2
23, 3, 1.55151, -6.06974, 50.9922, 9.95011, 0, 3
24, 3, -2.93297e-008, -2.84495e-008, 0, 10, 0, 1
24, 3, -2.93297e-008, -2.84495e-008, 2.15759, 9.99786, 0, 5
24, 3, -0.668208, 0.903371, 16.5042, 9.98361, 0, 5
24, 3, 0.543805, 5.51939, 50, 9.95007, 0, 2
24, 3, 0.579627, 5.65582, 50.99, 9.95007, 0, 3
25, 3, 8.01797e-009, 1.3184e-007, 0, 10, 0, 1
25, 3, 8.01797e-009, 1.3184e-007, 46.9037, 9.95356, 0, 5
25, 3, 0.0370458, -0.00592099, 47.1906, 9.95327, 0, 5
25, 3, 0.4135, -0.0174838, 50, 9.95046, 0, 2
25, 3, 0.54631, -0.021563, 50.9911, 9.95046, 0, 3
26, 3, 5.39885e-010, 1.78232e-008, 0, 10, 0, 1
26, 3, 5.39885e-010, 1.78232e-008, 8.9085, 9.99118, 0, 5
26, 3, 3.79467, -2.03926, 50, 9.95025, 0, 2
26, 3, 3.88651, -2.08862, 50.9945, 9.95025, 0, 3
27, 3, -4.03035e-008, 5.35586e-009, 0, 10, 0, 1
27, 3, -4.03035e-008, 5.35586e-009, 15.2318, 9.98492, 0, 5
27, 3, -0.0183554, 0.126043, 33.0237, 9.96728, 0, 5
27, 3, 0.250374, -2.04863, 50, 9.95029, 0, 2
27, 3, 0.266073, -2.17567, 50.9918, 9.95029, 0, 3
28, 3, 5.15606e-008, 3.4856e-008, 0, 10, 0, 1
28, 3, 5.15606e-008, 3.4856e-008, 19.4098, 9.98078, 0, 5
28, 3, 1.93907, 0.497791, 50, 9.95039, 0, 2
28, 3, 2.00233, 0.514029, 50.9979, 9.95039, 0, 3
29, 3, -6.6666e-008, -1.89571e-008, 0, 10, 0, 1
29, 3, -6.6666e-008, -1.89571e-008, 3.35461, 9.99668, 0, 5
29, 3, 0.40327, 0.0767749, 18.5357, 9.98164, 0, 5
29, 3, 0.89156, 0.615853, 50, 9.95044, 0, 2
29, 3, 0.907074, 0.632981, 50.9997, 9.95044, 0, 3
30, 3, 7.48693e-009, 4.74928e-010, 0, 10, 0, 1
30, 3, 7.48693e-009, 4.74928e-010, 50, 9.9505, 0, 2
30, 3, 7.48693e-009, 4.74928e-010, 51, 9.9505, 0, 3
31, 3, 7.40373e-009, -8.93337e-008, 0, 10, 0, 1
31, 3, 7.40373e-009, -8.93337e-008, 39.702, 9.96069, 0, 5
31, 3, 0.293581, -0.328573, 50, 9.95046, 0, 2
31, 3, 0.322063, -0.360451, 50.9991, 9.95046, 0, 3
32, 3, 3.91077e-008, -1.08208e-008, 0, 10, 0, 1
32, 3, 3.91077e-008, -1.08208e-008, 50, 9.9505, 0, 2
32, 3, 3.91077e-008, -1.08208e-008, 51, 9.9505, 0, 3
33, 3, -4.7484e-008, 1.18679e-009, 0, 10, 0, 1
33, 3, -4.7484e-008, 1.18679e-009, 28.8778, 9.97141, 0, 5
33, 3, 1.22214, 0.340087, 39.8026, 9.9605, 0, 5
33, 3, 2.80809, 0.637133, 50, 9.95024, 0, 2
33, 3, 2.96171, 0.665905, 50.9877, 9.95024, 0, 3
34, 3, -5.37252e-009, -3.57662e-008, 0, 10, 0, 1
34, 3, -5.37252e-009, -3.57662e-008, 50, 9.9505, 0, 2
34, 3, -5.37252e-009, -3.57662e-008, 51, 9.9505, 0, 3
35, 3, -2.03968e-008, -2.09726e-008, 0, 10, 0, 1
35, 3, -2.03968e-008, -2.09726e-008, 50, 9.9505, 0, 2
35, 3, -2.03968e-008, -2.09726e-008, 51, 9.9505, 0, 3
36, 3, 5.72129e-009, 1.23724e-009, 0, 10, 0, 1
36, 3, 5.72129e-009, 1.23724e-009, 16.8471, 9.98332, 0, 5
36, 3, -0.92779, 1.38482, 27.6219, 9.97251, 0, 5
36, 3, -2.01128, 4.68688, 50, 9.95004, 0, 2
36, 3, -2.05912, 4.83269, 50.9882, 9.95004, 0, 3
37, 3, -5.41063e-008, -1.46037e-008, 0, 10, 0, 1
37, 3, -5.41063e-008, -1.46037e-008, 32.1379, 9.96818, 0, 5
37, 3, 0.174435, -0.734744, 45.6187, 9.95478, 0, 5
37, 3, 0.398908, -1.01472, 50, 9.95041, 0, 2
37, 3, 0.449972, -1.07841, 50.9967, 9.95041, 0, 3
38, 3, -2.03345e-008, -6.1654e-008, 0, 10, 0, 1
38, 3, -2.03345e-008, -6.1654e-008, 37.859, 9.96252, 0, 5
38, 3, 0.249647, 0.563654, 50, 9.95045, 0, 2
38, 3, 0.270183, 0.61002, 50.9987, 9.95045, 0, 3
39, 3, 4.89995e-008, 3.3774e-008, 0, 10, 0, 1
39, 3, 4.89995e-008, 3.3774e-008, 25.3386, 9.97491, 0, 5
39, 3, -0.584875, -2.27213, 49.4827, 9.95085, 0, 5
39, 3, -0.57338, -2.32162, 50, 9.95033, 0, 2
39, 3, -0.551265, -2.41682, 50.9952, 9.95033, 0, 3
40, 3, -6.58872e-008, -5.42398e-008, 0, 10, 0, 1
40, 3, -6.58872e-008, -5.42398e-008, 12.2348, 9.98789, 0, 5
40, 3, -0.291248, -0.36832, 24.3089, 9.97591, 0, 5
40, 3, -0.366796, -0.692832, 30.0826, 9.97018, 0, 5
40, 3, 0.178079, -1.06347, 50, 9.9504, 0, 2
40, 3, 0.205421, -1.08207, 50.9995, 9.9504, 0, 3
41, 3, -5.19935e-008, 3.7171e-008, 0, 10, 0, 1
41, 3, -5.19935e-008, 3.7171e-008, 9.45529, 9.99064, 0, 5
41, 3, -0.125331, -0.0469247, 11.8048, 9.98831, 0, 5
41, 3, -0.125551, -0.0316364, 12.0963, 9.98802, 0, 5
41, 3, 0.753355, 1.14139, 28.633, 9.97157, 0, 5
41, 3, 0.774138, 1.33796, 30.5077, 9.9697, 0, 5
41, 3, 0.877615, 3.59644, 50, 9.95022, 0, 2
41, 3, 0.882888, 3.71153, 50.9933, 9.95022, 0, 3
42, 3, -4.83452e-008, -4.61785e-008, 0, 10, 0, 1
42, 3, -4.83452e-008, -4.61785e-008, 4.3267, 9.99572, 0, 5
42, 3, 3.65414, -0.755565, 50, 9.95033, 0, 2
42, 3, 3.73388, -0.772053, 50.9967, 9.95033, 0, 3
43, 3, 1.67249e-008, -5.48072e-008, 0, 10, 0, 1
43, 3, 1.67249e-008, -5.48072e-008, 50, 9.9505, 0, 2
43, 3, 1.67249e-008, -5.48072e-008, 51, 9.9505, 0, 3
44, 3, -2.64468e-008, -4.14094e-009, 0, 10, 0, 1
44, 3, -2.64468e-008, -4.14094e-009, 4.63447, 9.99541, 0, 5
44, 3, 3.08866, 2.40816, 35.7342, 9.96437, 0, 5
44, 3, 4.75986, 3.35268, 50, 9.95008, 0, 2
44, 3, 4.87597, 3.4183, 50.9911, 9.95008, 0, 3
45, 2, -2.22476e-009, 3.6731e-008, 0, 10, 0, 1
45, 2, -2.22476e-009, 3.6731e-008, 34.7499, 9.96559, 0, 5
45, 2, 20.27, -8.52136, 25.3025, 9.94184, 0, 5
45, 2, 53.4261, -21.4954, 12.7848, 9.90431, 0, 5
45, 2, 62.6868, -25.9842, 8.61708, 9.89324, 0, 5
45, 2, 80.0009, -32.6395, 0, 9.87283, 0, 2
45, 2, 80.8474, -32.9648, -0.421312, 9.87283, 0, 3
46, 3, 4.64762e-008, -1.05794e-008, 0, 10, 0, 1
46, 3, 4.64762e-008, -1.05794e-008, 9.88391, 9.99021, 0, 5
46, 3, -0.315927, 0.6363, 10.307, 9.98939, 0, 5
46, 3, -4.10613, 8.25227, 15.2596, 9.97964, 0, 5
46, 3, -22.0121, 41.2535, 40.432, 9.93482, 0, 5
46, 3, -24.3438, 45.2391, 43.4279, 9.92934, 0, 5
46, 3, -29.7714, 54.4663, 50, 9.91684, 0, 2
46, 3, -30.2035, 55.2009, 50.5232, 9.91684, 0, 3
47, 3, 1.49021e-008, 1.16679e-008, 0, 10, 0, 1
47, 3, 1.49021e-008, 1.16679e-008, 21.9449, 9.97827, 0, 5
47, 3, 2.78173, -0.799193, 50, 9.9503, 0, 2
47, 3, 2.88036, -0.827529, 50.9947, 9.9503, 0, 3
48, 3, -1.08253e-007, -1.41035e-008, 0, 10, 0, 1
48, 3, -1.08253e-007, -1.41035e-008, 21.2113, 9.979, 0, 5
48, 3, -0.233701, -0.148747, 27.7139, 9.97255, 0, 5
48, 3, -1.73862, 3.32933, 46.8956, 9.95315, 0, 5
48, 3, -2.62569, 3.85834, 50, 9.9499, 0, 2
48, 3, -2.89682, 4.02003, 50.9489, 9.9499, 0, 3
49, 3, 1.30695e-007, -2.13648e-008, 0, 10, 0, 1
49, 3, 1.30695e-007, -2.13648e-008, 43.2738, 9.95716, 0, 5
49, 3, 0.753415, 0.111187, 50, 9.95043, 0, 2
49, 3, 0.864715, 0.127612, 50.9937, 9.95043, 0, 3
50, 3, 3.47544e-008, -2.50805e-008, 0, 10, 0, 1
50, 3, 3.47544e-008, -2.50805e-008, 11.1734, 9.98894, 0, 5
50, 3, 0.237705, -0.0511988, 20.2271, 9.97996, 0, 5
50, 3, 0.740246, 1.19945, 48.4836, 9.95191, 0, 5
50, 3, 0.36747, 1.07342, 50, 9.95036, 0, 2
50, 3, 0.129515, 0.992964, 50.9679, 9.95036, 0, 3
51, 3, 1.62658e-008, 2.43736e-008, 0, 10, 0, 1
51, 3, 1.62658e-008, 2.43736e-008, 16.6146, 9.98355, 0, 5
51, 3, 0.0605668, 0.018341, 19.7198, 9.98047, 0, 5
51, 3, 0.896528, -0.327273, 37.6121, 9.96271, 0, 5
51, 3, 1.42436, -0.0677978, 47.0582, 9.95331, 0, 5
51, 3, 1.5672, -0.0294322, 50, 9.95039, 0, 2
51, 3, 1.61569, -0.0164073, 50.9987, 9.95039, 0, 3
52, 3, 6.28095e-008, -1.86768e-008, 0, 10, 0, 1
52, 3, 6.28095e-008, -1.86768e-008, 6.45005, 9.99361, 0, 5
52, 3, -0.0868785, 3.15083, 50, 9.95036, 0, 2
52, 3, -0.0888682, 3.22299, 50.9974, 9.95036, 0, 3
53, 3, 4.13473e-008, -4.65368e-008, 0, 10, 0, 1
53, 3, 4.13473e-008, -4.65368e-008, 17.7705, 9.98241, 0, 5
53, 3, 1.12106, 2.28117, 37.2424, 9.96294, 0, 5
53, 3, 0.920951, 2.3549, 38.7582, 9.96142, 0, 5
53, 3, -0.110909, 2.63228, 45.3472, 9.95479, 0, 5
53, 3, -1.07074, 2.85286, 50, 9.95007, 0, 2
53, 3, -1.27256, 2.89924, 50.9783, 9.95007, 0, 3
54, 3, -7.08125e-008, 1.22548e-008, 0, 10, 0, 1
54, 3, -7.08125e-008, 1.22548e-008, 30.6222, 9.96968, 0, 5
54, 3, -1.61988, 1.00742, 50, 9.95036, 0, 2
54, 3, -1.70308, 1.05915, 50.9952, 9.95036, 0, 3
55, 3, 3.18652e-008, -3.92056e-008, 0, 10, 0, 1
55, 3, 3.18652e-008, -3.92056e-008, 23.1429, 9.97709, 0, 5
55, 3, 2.04315, -0.000269589, 50, 9.95037, 0, 2
55, 3, 2.11901, -0.000279596, 50.9971, 9.95037, 0, 3
56, 3, -1.39364e-008, 2.80538e-008, 0, 10, 0, 1
56, 3, -1.39364e-008, 2.80538e-008, 2.37024, 9.99765, 0, 5
56, 3, 0.312712, 0.810286, 14.9032, 9.98521, 0, 5
56, 3, 0.528294, 1.15613, 18.3629, 9.98176, 0, 5
56, 3, 2.92054, 4.92143, 50, 9.95008, 0, 2
56, 3, 2.99541, 5.03928, 50.9902, 9.95008, 0, 3
57, 3, -7.04214e-008, -4.73467e-008, 0, 10, 0, 1
57, 3, -7.04214e-008, -4.73467e-008, 41.7699, 9.95864, 0, 5
57, 3, 0.942702, 0.00620145, 50, 9.95042, 0, 2
57, 3, 1.0565, 0.00695007, 50.9935, 9.95042, 0, 3
58, 3, -3.87717e-008, -7.96574e-009, 0, 10, 0, 1
58, 3, -3.87717e-008, -7.96574e-009, 28.4409, 9.97184, 0, 5
58, 3, -0.700482, -0.534222, 50, 9.95043, 0, 2
58, 3, -0.732947, -0.558981, 50.9992, 9.95043, 0, 3
59, 3, -8.42946e-008, -4.21556e-008, 0, 10, 0, 1
59, 3, -8.42946e-008, -4.21556e-008, 20.4411, 9.97976, 0, 5
59, 3, -1.16519, 1.16759, 50, 9.95041, 0, 2
59, 3, -1.20455, 1.20702, 50.9984, 9.95041, 0, 3
60, 3, 6.45187e-009, 1.37965e-008, 0, 10, 0, 1
60, 3, 6.45187e-009, 1.37965e-008, 50, 9.9505, 0, 2
60, 3, 6.45187e-009, 1.37965e-008, 51, 9.9505, 0, 3
61, 3, -1.74356e-008, 4.58577e-008, 0, 10, 0, 1
61, 3, -1.74356e-008, 4.58577e-008, 34.5999, 9.96574, 0, 5
61, 3, 0.984097, -1.20037, 50, 9.95038, 0, 2
61, 3, 1.04768, -1.27793, 50.995, 9.95038, 0, 3
62, 3, 1.1904e-008, -9.57135e-009, 0, 10, 0, 1
62, 3, 1.1904e-008, -9.57135e-009, 47.8451, 9.95263, 0, 5
62, 3, 0.139439, -0.052634, 50, 9.95048, 0, 2
62, 3, 0.203993, -0.0770011, 50.9976, 9.95048, 0, 3
63, 3, 7.34369e-008, 4.04236e-008, 0, 10, 0, 1
63, 3, 7.34369e-008, 4.04236e-008, 6.83434, 9.99323, 0, 5
63, 3, -0.0728351, 0.206895, 15.0574, 9.98508, 0, 5
63, 3, 0.752187, -0.505757, 43.758, 9.95662, 0, 5
63, 3, 0.988009, -0.617462, 50, 9.95041, 0, 2
63, 3, 1.02576, -0.635342, 50.9991, 9.95041, 0, 3
64, 3, -8.80586e-009, -2.01395e-008, 0, 10, 0, 1
64, 3, -8.80586e-009, -2.01395e-008, 0.955097, 9.99905, 0, 5
64, 3, -0.0709636, -0.533793, 18.1131, 9.98206, 0, 5
64, 3, -0.352681, -0.52778, 25.6231, 9.97461, 0, 5
64, 3, 1.51331, -0.946664, 50, 9.95035, 0, 2
64, 3, 1.58963, -0.963795, 50.9969, 9.95035, 0, 3
65, 3, -3.72064e-008, 1.08352e-008, 0, 10, 0, 1
65, 3, -3.72064e-008, 1.08352e-008, 50, 9.9505, 0, 2
65, 3, -3.72064e-008, 1.08352e-008, 51, 9.9505, 0, 3
66, 3, -3.67189e-008, 2.26267e-008, 0, 10, 0, 1
66, 3, -3.67189e-008, 2.26267e-008, 1.49078, 9.99852, 0, 5
66, 3, -0.0213708, -0.00456342, 2.7424, 9.99728, 0, 5
66, 3, -1.4746, -2.7546, 42.752, 9.95754, 0, 5
66, 3, -1.48713, -3.48156, 50, 9.95031, 0, 2
66, 3, -1.48885, -3.58136, 50.995, 9.95031, 0, 3
67, 3, 4.66361e-008, -8.33277e-008, 0, 10, 0, 1
67, 3, 4.66361e-008, -8.33277e-008, 50, 9.9505, 0, 2
67, 3, 4.66361e-008, -8.33277e-008, 51, 9.9505, 0, 3
68, 3, 3.17891e-009, 5.76238e-008, 0, 10, 0, 1
68, 3, 3.17891e-009, 5.76238e-008, 9.72227, 9.99037, 0, 5
68, 3, 0.570438, -0.710262, 47.6746, 9.95276, 0, 5
68, 3, 0.672573, -0.626121, 50, 9.95045, 0, 2
68, 3, 0.716423, -0.589996, 50.9984, 9.95045, 0, 3
69, 3, -5.27793e-008, 4.44266e-008, 0, 10, 0, 1
69, 3, -5.27793e-008, 4.44266e-008, 6.53971, 9.99353, 0, 5
69, 3, 2.24823, -3.23072, 40.7798, 9.95938, 0, 5
69, 3, 2.72938, -4.69682, 50, 9.9501, 0, 2
69, 3, 2.78085, -4.85365, 50.9863, 9.9501, 0, 3
70, 3, -2.83316e-008, -5.34959e-008, 0, 10, 0, 1
70, 3, -2.83316e-008, -5.34959e-008, 15.2703, 9.98488, 0, 5
70, 3, -8.19994, 8.35851, 30.2957, 9.966, 0, 5
70, 3, -11.6839, 12.6218, 36.9772, 9.95741, 0, 5
70, 3, -19.3874, 23.189, 50, 9.93908, 0, 2
70, 3, -19.8048, 23.7615, 50.7056, 9.93908, 0, 3
71, 3, -1.13486e-008, -5.23583e-008, 0, 10, 0, 1
71, 3, -1.13486e-008, -5.23583e-008, 12.9409, 9.98719, 0, 5
71, 3, 0.119452, 0.281045, 26.4979, 9.97375, 0, 5
71, 3, 0.775982, 0.749392, 38.6556, 9.96166, 0, 5
71, 3, 0.91213, 0.705371, 50, 9.9504, 0, 2
71, 3, 0.92413, 0.701491, 50.9999, 9.9504, 0, 3
72, 3, -1.26446e-008, -4.40067e-008, 0, 10, 0, 1
72, 3, -1.26446e-008, -4.40067e-008, 6.34753, 9.99372, 0, 5
72, 3, 0.0923712, 0.197935, 16.338, 9.98382, 0, 5
72, 3, -0.782039, 0.100566, 43.1115, 9.95726, 0, 5
72, 3, -1.02909, 0.174037, 50, 9.95042, 0, 2
72, 3, -1.06493, 0.184695, 50.9993, 9.95042, 0, 3
73, 3, 1.62419e-008, 1.01136e-008, 0, 10, 0, 1
73, 3, 1.62419e-008, 1.01136e-008, 50, 9.9505, 0, 2
73, 3, 1.62419e-008, 1.01136e-008, 51, 9.9505, 0, 3
74, 3, 1.15935e-008, 7.08069e-011, 0, 10, 0, 1
74, 3, 1.15935e-008, 7.08069e-011, 11.0682, 9.98904, 0, 5
74, 3, 0.681696, 3.60456, 31.195, 9.96877, 0, 5
74, 3, 7.34032, 9.19051, 50, 9.94821, 0, 2
74, 3, 7.66174, 9.46015, 50.9077, 9.94821, 0, 3
75, 3, -3.79477e-009, 4.83952e-008, 0, 10, 0, 1
75, 3, -3.79477e-009, 4.83952e-008, 50, 9.9505, 0, 2
75, 3, -3.79477e-009, 4.83952e-008, 51, 9.9505, 0, 3
76, 3, -1.92037e-008, -2.47865e-008, 0, 10, 0, 1
76, 3, -1.92037e-008, -2.47865e-008, 19.7735, 9.98042, 0, 5
76, 3, -0.319206, 2.04239, 38.5698, 9.96167, 0, 5
76, 3, -0.0491131, 2.90484, 47.736, 9.95253, 0, 5
76, 3, -0.0606545, 2.90613, 50, 9.95028, 0, 2
76, 3, -0.0657522, 2.9067, 51, 9.95028, 0, 3
77, 3, 3.03652e-009, -4.81731e-008, 0, 10, 0, 1
77, 3, 3.03652e-009, -4.81731e-008, 20.7507, 9.97946, 0, 5
77, 3, 3.57288, -2.36503, 50, 9.95014, 0, 2
77, 3, 3.69374, -2.44503, 50.9894, 9.95014, 0, 3
78, 3, 2.9777e-008, -1.00236e-008, 0, 10, 0, 1
78, 3, 2.9777e-008, -1.00236e-008, 3.95554, 9.99608, 0, 5
78, 3, -0.620008, 0.0759309, 13.3072, 9.9868, 0, 5
78, 3, -3.27338, 0.626249, 40.2549, 9.95996, 0, 5
78, 3, -4.93582, 0.46243, 50, 9.95014, 0, 2
78, 3, -5.10396, 0.445861, 50.9856, 9.95014, 0, 3
79, 3, -5.89186e-008, 2.80768e-008, 0, 10, 0, 1
79, 3, -5.89186e-008, 2.80768e-008, 14.6861, 9.98546, 0, 5
79, 3, 0.611577, -3.20175, 37.3492, 9.96277, 0, 5
79, 3, -1.37888, -4.57629, 50, 9.94998, 0, 2
79, 3, -1.53342, -4.68301, 50.9822, 9.94998, 0, 3
80, 3, 6.10009e-009, 2.82574e-008, 0, 10, 0, 1
80, 3, 6.10009e-009, 2.82574e-008, 16.4984, 9.98367, 0, 5
80, 3, -0.00969517, 0.164932, 23.4639, 9.97676, 0, 5
80, 3, -0.379485, -0.96353, 49.4808, 9.95093, 0, 5
80, 3, -0.405089, -0.990814, 50, 9.95041, 0, 2
80, 3, -0.454272, -1.04322, 50.9974, 9.95041, 0, 3
81, 3, -2.73153e-009, -1.00767e-007, 0, 10, 0, 1
81, 3, -2.73153e-009, -1.00767e-007, 1.27552, 9.99874, 0, 5
81, 3, 0.46496, 0.108894, 9.1728, 9.9909, 0, 5
81, 3, 1.11956, 0.0711084, 15.5301, 9.98457, 0, 5
81, 3, 4.03017, 0.422865, 47.0659, 9.95318, 0, 5
81, 3, 4.13858, 0.467417, 48.1996, 9.95205, 0, 5
81, 3, 4.26958, 0.566587, 50, 9.95025, 0, 2
81, 3, 4.34204, 0.621442, 50.9959, 9.95025, 0, 3
82, 3, 4.65857e-008, 3.73751e-008, 0, 10, 0, 1
82, 3, 4.65857e-008, 3.73751e-008, 33.6948, 9.96664, 0, 5
82, 3, 0.467746, -0.212654, 50, 9.95045, 0, 2
82, 3, 0.496418, -0.225689, 50.9995, 9.95045, 0, 3
83, 3, 2.83621e-008, -4.95157e-008, 0, 10, 0, 1
83, 3, 2.83621e-008, -4.95157e-008, 50, 9.9505, 0, 2
83, 3, 2.83621e-008, -4.95157e-008, 51, 9.9505, 0, 3
84, 3, 3.5461e-009, 2.23976e-008, 0, 10, 0, 1
84, 3, 3.5461e-009, 2.23976e-008, 3.13895, 9.99689, 0, 5
84, 3, -0.450102, -0.359026, 13.5813, 9.98654, 0, 5
84, 3, -0.537768, -0.461321, 16.6079, 9.98353, 0, 5
84, 3, -1.54438, -1.57839, 34.5847, 9.96565, 0, 5
84, 3, -3.17617, -2.26285, 50, 9.95025, 0, 2
84, 3, -3.28133, -2.30696, 50.9935, 9.95025, 0, 3
85, 3, -3.69634e-008, 5.61675e-010, 0, 10, 0, 1
85, 3, -3.69634e-008, 5.61675e-010, 36.7509, 9.96361, 0, 5
85, 3, -1.35461, 0.397699, 44.5013, 9.95579, 0, 5
85, 3, -2.53811, 0.214558, 50, 9.9502, 0, 2
85, 3, -2.74841, 0.182015, 50.9771, 9.9502, 0, 3
86, 3, -4.07543e-008, -2.3928e-008, 0, 10, 0, 1
86, 3, -4.07543e-008, -2.3928e-008, 12.3068, 9.98782, 0, 5
86, 3, 0.193491, -0.161097, 14.3574, 9.98577, 0, 5
86, 3, 1.23284, -0.75671, 21.1219, 9.97896, 0, 5
86, 3, 7.04592, -4.16585, 50, 9.94955, 0, 2
86, 3, 7.24195, -4.28082, 50.9738, 9.94955, 0, 3
87, 3, 2.88488e-008, -4.82085e-008, 0, 10, 0, 1
87, 3, 2.88488e-008, -4.82085e-008, 18.5458, 9.98164, 0, 5
87, 3, 0.509865, 0.370141, 23.9794, 9.97621, 0, 5
87, 3, 0.619481, 0.550985, 27.2675, 9.97295, 0, 5
87, 3, 5.76316, -4.87437, 50, 9.94921, 0, 2
87, 3, 5.97811, -5.10108, 50.9499, 9.94921, 0, 3
88, 3, 1.95393e-009, 3.16697e-008, 0, 10, 0, 1
88, 3, 1.95393e-009, 3.16697e-008, 0.592552, 9.99941, 0, 5
88, 3, -0.105429, -0.502971, 10.9777, 9.98912, 0, 5
88, 3, 1.31766, -0.686584, 21.8877, 9.97821, 0, 5
88, 3, 2.91655, -0.667527, 25.717, 9.9741, 0, 5
88, 3, 13.6696, 0.804193, 50, 9.94771, 0, 2
88, 3, 14.0739, 0.859525, 50.913, 9.94771, 0, 3
89, 3, -4.60642e-008, 6.35566e-009, 0, 10, 0, 1
89, 3, -4.60642e-008, 6.35566e-009, 3.6626, 9.99637, 0, 5
89, 3, -0.109482, -0.52503, 11.2501, 9.98884, 0, 5
89, 3, -2.58694, -3.90294, 50, 9.95022, 0, 2
89, 3, -2.6505, -3.98961, 50.9942, 9.95022, 0, 3
90, 3, -3.3823e-008, 1.48143e-008, 0, 10, 0, 1
90, 3, -3.3823e-008, 1.48143e-008, 3.57736, 9.99646, 0, 5
90, 3, 1.79827, 0.584115, 27.5, 9.97269, 0, 5
90, 3, 1.83553, 0.612123, 28.0226, 9.97217, 0, 5
90, 3, 2.07951, 0.827462, 31.5355, 9.96867, 0, 5
90, 3, 2.58847, 0.975822, 50, 9.95034, 0, 2
90, 3, 2.61602, 0.983853, 50.9996, 9.95034, 0, 3
91, 3, 1.72838e-008, 5.47202e-008, 0, 10, 0, 1
91, 3, 1.72838e-008, 5.47202e-008, 4.28398, 9.99576, 0, 5
91, 3, 1.59608, -1.51201, 50, 9.95043, 0, 2
91, 3, 1.63095, -1.54504, 50.9988, 9.95043, 0, 3
92, 3, -1.05986e-008, -6.3042e-008, 0, 10, 0, 1
92, 3, -1.05986e-008, -6.3042e-008, 8.05245, 9.99203, 0, 5
92, 3, -0.263579, -0.474716, 25.4283, 9.97481, 0, 5
92, 3, -0.269859, -0.538072, 29.3985, 9.97087, 0, 5
92, 3, -0.3553, 0.431596, 50, 9.9504, 0, 2
92, 3, -0.359443, 0.478612, 50.9989, 9.9504, 0, 3
93, 3, -7.25277e-009, 1.72233e-008, 0, 10, 0, 1
93, 3, -7.25277e-009, 1.72233e-008, 50, 9.9505, 0, 2
93, 3, -7.25277e-009, 1.72233e-008, 51, 9.9505, 0, 3
94, 3, -2.25903e-008, 4.49435e-008, 0, 10, 0, 1
94, 3, -2.25903e-008, 4.49435e-008, 50, 9.9505, 0, 2
94, 3, -2.25903e-008, 4.49435e-008, 51, 9.9505, 0, 3
95, 3, -1.33528e-008, -5.31207e-008, 0, 10, 0, 1
95, 3, -1.33528e-008, -5.31207e-008, 47.672, 9.9528, 0, 5
95, 3, -0.078727, 0.073323, 50, 9.95049, 0, 2
95, 3, -0.112508, 0.104785, 50.9989, 9.95049, 0, 3
96, 3, 1.00028e-008, 1.12009e-008, 0, 10, 0, 1
96, 3, 1.00028e-008, 1.12009e-008, 50, 9.9505, 0, 2
96, 3, 1.00028e-008, 1.12009e-008, 51, 9.9505, 0, 3
97, 3, 1.59105e-008, 1.68485e-008, 0, 10, 0, 1
97, 3, 1.59105e-008, 1.68485e-008, 3.1648, 9.99687, 0, 5
97, 3, 0.2577, 0.92204, 11.665, 9.9884, 0, 5
97, 3, 2.19567, 7.54986, 46.8997, 9.95282, 0, 5
97, 3, 2.42781, 8.16104, 50, 9.94967, 0, 2
97, 3, 2.50108, 8.35394, 50.9785, 9.94967, 0, 3
98, 3, -9.29727e-008, 7.15922e-008, 0, 10, 0, 1
98, 3, -9.29727e-008, 7.15922e-008, 23.8959, 9.97634, 0, 5
98, 3, -0.436036, -0.244547, 31.6919, 9.96859, 0, 5
98, 3, -1.21169, -0.93366, 48.3297, 9.95205, 0, 5
98, 3, -1.33759, -0.916461, 50, 9.95039, 0, 2
98, 3, -1.41275, -0.906193, 50.9971, 9.95039, 0, 3
99, 3, -2.05499e-009, 4.55081e-008, 0, 10, 0, 1
99, 3, -2.05499e-009, 4.55081e-008, 7.16083, 9.99291, 0, 5
99, 3, -0.0605452, -0.145519, 15.7157, 9.98443, 0, 5
99, 3, 2.44339, 4.6585, 50, 9.95003, 0, 2
99, 3, 2.51553, 4.79691, 50.9877, 9.95003, 0, 3
100, 3, 2.43988e-008, 4.92424e-008, 0, 10, 0, 1
100, 3, 2.43988e-008, 4.92424e-008, 5.11983, 9.99493, 0, 5
100, 3, -0.0195577, 0.0325258, 18.9263, 9.98126, 0, 5
100, 3, -1.48069, -0.301805, 34.4006, 9.96584, 0, 5
100, 3, -2.8614, -1.73336, 50, 9.95023, 0, 2
100, 3, -2.9492, -1.82439, 50.992, 9.95023, 0, 3
101, 3, 2.1412e-008, -3.93272e-008, 0, 10, 0, 1
101, 3, 2.1412e-008, -3.93272e-008, 37.3473, 9.96302, 0, 5
101, 3, -0.153457, 0.177949, 50, 9.95046, 0, 2
101, 3, -0.165584, 0.192011, 50.9998, 9.95046, 0, 3
102, 3, -1.74167e-008, 3.83327e-008, 0, 10, 0, 1
102, 3, -1.74167e-008, 3.83327e-008, 13.1651, 9.98697, 0, 5
102, 3, 2.75973, 0.416065, 43.1517, 9.95712, 0, 5
102, 3, 3.00863, 0.275329, 45.4671, 9.9548, 0, 5
102, 3, 3.70915, 0.0141204, 50, 9.95024, 0, 2
102, 3, 3.86163, -0.0427359, 50.9867, 9.95024, 0, 3
103, 3, -3.87055e-008, -2.08143e-008, 0, 10, 0, 1
103, 3, -3.87055e-008, -2.08143e-008, 0.278068, 9.99972, 0, 5
103, 3, -0.895147, -0.40146, 13.0988, 9.98699, 0, 5
103, 3, -2.81743, -4.55739, 50, 9.95014, 0, 2
103, 3, -2.86913, -4.66916, 50.9924, 9.95014, 0, 3
104, 3, 3.21948e-008, 3.0859e-008, 0, 10, 0, 1
104, 3, 3.21948e-008, 3.0859e-008, 27.4124, 9.97286, 0, 5
104, 3, -0.687144, 0.826156, 50, 9.95043, 0, 2
104, 3, -0.717531, 0.86269, 50.9989, 9.95043, 0, 3
105, 3, -2.08912e-008, 3.76649e-009, 0, 10, 0, 1
105, 3, -2.08912e-008, 3.76649e-009, 50, 9.9505, 0, 2
105, 3, -2.08912e-008, 3.76649e-009, 51, 9.9505, 0, 3
106, 3, 4.81055e-008, 1.79087e-008, 0, 10, 0, 1
106, 3, 4.81055e-008, 1.79087e-008, 12.9639, 9.98716, 0, 5
106, 3, -1.02901, -0.783276, 24.786, 9.97538, 0, 5
106, 3, -4.19596, -2.98652, 50, 9.95008, 0, 2
106, 3, -4.32011, -3.07289, 50.9885, 9.95008, 0, 3
107, 3, 3.32186e-008, 9.45856e-008, 0, 10, 0, 1
107, 3, 3.32186e-008, 9.45856e-008, 33.363, 9.96697, 0, 5
107, 3, -0.0214781, -0.0354953, 34.5347, 9.9658, 0, 5
107, 3, -0.0653743, -0.0540635, 38.4321, 9.96194, 0, 5
107, 3, 0.0344311, -0.0523642, 50, 9.95045, 0, 2
107, 3, 0.0430585, -0.0522173, 51, 9.95045, 0, 3
108, 3, -1.59615e-008, 5.55528e-009, 0, 10, 0, 1
108, 3, -1.59615e-008, 5.55528e-009, 12.8537, 9.98727, 0, 5
108, 3, -0.55251, -0.429768, 35.4414, 9.96488, 0, 5
108, 3, -0.668085, -0.405036, 39.2696, 9.96108, 0, 5
108, 3, -1.06272, 0.399085, 49.9142, 9.95047, 0, 5
108, 3, -1.06942, 0.404137, 50, 9.95038, 0, 2
108, 3, -1.14719, 0.462771, 50.9952, 9.95038, 0, 3
109, 3, -8.8503e-008, -7.40924e-009, 0, 10, 0, 1
109, 3, -8.8503e-008, -7.40924e-009, 12.3998, 9.98772, 0, 5
109, 3, -4.64383, 1.52973, 50, 9.95015, 0, 2
109, 3, -4.76631, 1.57007, 50.9917, 9.95015, 0, 3
110, 3, -6.21071e-008, 2.83138e-008, 0, 10, 0, 1
110, 3, -6.21071e-008, 2.83138e-008, 39.2752, 9.96111, 0, 5
110, 3, -0.873295, -0.126003, 50, 9.95043, 0, 2
110, 3, -0.954449, -0.137713, 50.9966, 9.95043, 0, 3
111, 3, 1.48303e-008, -7.80333e-008, 0, 10, 0, 1
111, 3, 1.48303e-008, -7.80333e-008, 10.6362, 9.98947, 0, 5
111, 3, 1.66568, -0.569644, 19.8431, 9.98018, 0, 5
111, 3, 7.22978, -3.44896, 50, 9.94964, 0, 2
111, 3, 7.41043, -3.54245, 50.9791, 9.94964, 0, 3
112, 3, -1.74574e-008, 1.09508e-008, 0, 10, 0, 1
112, 3, -1.74574e-008, 1.09508e-008, 50, 9.9505, 0, 2
112, 3, -1.74574e-008, 1.09508e-008, 51, 9.9505, 0, 3
113, 3, 3.3546e-008, 3.12232e-009, 0, 10, 0, 1
113, 3, 3.3546e-008, 3.12232e-009, 23.1241, 9.97711, 0, 5
113, 3, 0.234166, 0.133388, 27.7309, 9.97253, 0, 5
113, 3, 0.411183, 0.182028, 29.5813, 9.97068, 0, 5
113, 3, 3.573, 1.16438, 50, 9.95016, 0, 2
113, 3, 3.72585, 1.21187, 50.9871, 9.95016, 0, 3
114, 3, 1.94692e-008, 3.86194e-008, 0, 10, 0, 1
114, 3, 1.94692e-008, 3.86194e-008, 2.02528, 9.99799, 0, 5
114, 3, 0.099638, 0.205443, 15.0235, 9.98512, 0, 5
114, 3, 1.45493, -7.31644, 50, 9.94964, 0, 2
114, 3, 1.49278, -7.52654, 50.9769, 9.94964, 0, 3
115, 3, 3.47976e-008, -4.17328e-008, 0, 10, 0, 1
115, 3, 3.47976e-008, -4.17328e-008, 6.07497, 9.99399, 0, 5
115, 3, -0.0201547, 0.0400495, 6.63368, 9.99343, 0, 5
115, 3, 0.178054, -0.17453, 13.8804, 9.98625, 0, 5
115, 3, 0.665575, 0.247441, 33.3027, 9.96699, 0, 5
115, 3, 1.85769, 1.47591, 50, 9.95033, 0, 2
115, 3, 1.92871, 1.5491, 50.9948, 9.95033, 0, 3
116, 3, -4.70891e-009, 1.22373e-008, 0, 10, 0, 1
116, 3, -4.70891e-009, 1.22373e-008, 46.2215, 9.95424, 0, 5
116, 3, 0.222784, -0.17085, 50, 9.95047, 0, 2
116, 3, 0.281584, -0.215942, 50.9973, 9.95047, 0, 3
117, 3, 1.67465e-008, -1.48614e-008, 0, 10, 0, 1
117, 3, 1.67465e-008, -1.48614e-008, 13.6612, 9.98647, 0, 5
117, 3, 4.50878, 0.798354, 50, 9.95017, 0, 2
117, 3, 4.63188, 0.820151, 50.9922, 9.95017, 0, 3
118, 3, 6.75741e-009, 2.1195e-008, 0, 10, 0, 1
118, 3, 6.75741e-009, 2.1195e-008, 2.4136, 9.99761, 0, 5
118, 3, -0.0412838, 0.131011, 4.78247, 9.99526, 0, 5
118, 3, 1.09767, 1.85784, 35.5618, 9.96471, 0, 5
118, 3, 1.11223, 1.90824, 36.3987, 9.96387, 0, 5
118, 3, 1.51896, 2.38686, 45.2367, 9.95508, 0, 5
118, 3, 1.35911, 2.22039, 50, 9.95034, 0, 2
118, 3, 1.32559, 2.18548, 50.9988, 9.95034, 0, 3
119, 3, 1.20592e-008, 6.85938e-008, 0, 10, 0, 1
119, 3, 1.20592e-008, 6.85938e-008, 6.24375, 9.99382, 0, 5
119, 3, 0.175955, -0.792857, 17.7059, 9.98244, 0, 5
119, 3, 0.706972, -1.56726, 24.1385, 9.97599, 0, 5
119, 3, 3.9704, -4.73133, 50, 9.94995, 0, 2
119, 3, 4.09468, -4.85183, 50.9849, 9.94995, 0, 3
120, 3, 4.1968e-008, -1.20385e-008, 0, 10, 0, 1
120, 3, 4.1968e-008, -1.20385e-008, 50, 9.9505, 0, 2
120, 3, 4.1968e-008, -1.20385e-008, 51, 9.9505, 0, 3
121, 3, -8.07171e-009, -1.05246e-008, 0, 10, 0, 1
121, 3, -8.07171e-009, -1.05246e-008, 13.7966, 9.98634, 0, 5
121, 3, 0.578724, -1.19393, 28.2455, 9.97196, 0, 5
121, 3, 0.563, -1.22119, 28.7991, 9.97141, 0, 5
121, 3, -0.518515, -12.935, 33.6179, 9.9588, 0, 5
121, 3, -1.72329, -25.6527, 38.5276, 9.94521, 0, 5
121, 3, -4.68864, -58.4388, 50, 9.91055, 0, 2
121, 3, -4.7737, -59.3793, 50.3291, 9.91055, 0, 3
122, 3, -1.03959e-008, -6.09612e-009, 0, 10, 0, 1
122, 3, -1.03959e-008, -6.09612e-009, 10.5657, 9.98954, 0, 5
122, 3, -0.12645, -0.444206, 21.3608, 9.97883, 0, 5
122, 3, -0.0997362, -0.657204, 22.7946, 9.9774, 0, 5
122, 3, 0.147014, -1.50454, 28.4738, 9.9717, 0, 5
122, 3, 0.614655, -2.45768, 36.2138, 9.96394, 0, 5
122, 3, 0.654338, -3.05217, 39.8596, 9.96028, 0, 5
122, 3, 3.81215, -6.92938, 50, 9.94905, 0, 2
122, 3, 4.09145, -7.2723, 50.8969, 9.94905, 0, 3
123, 3, 4.81919e-008, -2.79591e-008, 0, 10, 0, 1
123, 3, 4.81919e-008, -2.79591e-008, 6.83131, 9.99324, 0, 5
123, 3, -0.511786, -0.280431, 10.8597, 9.9892, 0, 5
123, 3, -7.75584, -3.44645, 50, 9.94964, 0, 2
123, 3, -7.93726, -3.52574, 50.9802, 9.94964, 0, 3
124, 3, 5.06816e-008, 1.26073e-008, 0, 10, 0, 1
124, 3, 5.06816e-008, 1.26073e-008, 8.32625, 9.99176, 0, 5
124, 3, -0.884641, -1.47355, 38.562, 9.96175, 0, 5
124, 3, -1.61456, -3.46926, 50, 9.9502, 0, 2
124, 3, -1.67731, -3.6408, 50.9832, 9.9502, 0, 3
125, 3, 2.73552e-008, -2.59478e-008, 0, 10, 0, 1
125, 3, 2.73552e-008, -2.59478e-008, 21.9941, 9.97822, 0, 5
125, 3, -0.395375, -0.144935, 32.2378, 9.96806, 0, 5
125, 3, -0.400958, -0.216378, 33.3584, 9.96694, 0, 5
125, 3, -1.30302, 7.39403, 48.4615, 9.95013, 0, 5
125, 3, -1.43201, 8.04371, 50, 9.94847, 0, 2
125, 3, -1.50902, 8.43158, 50.9185, 9.94847, 0, 3
126, 3, -2.35547e-008, -2.23813e-008, 0, 10, 0, 1
126, 3, -2.35547e-008, -2.23813e-008, 50, 9.9505, 0, 2
126, 3, -2.35547e-008, -2.23813e-008, 51, 9.9505, 0, 3
127, 3, 3.51456e-008, -5.27671e-008, 0, 10, 0, 1
127, 3, 3.51456e-008, -5.27671e-008, 48.9824, 9.9515, 0, 5
127, 3, 0.00977252, 0.0501286, 50, 9.95049, 0, 2
127, 3, 0.0193644, 0.0993307, 50.9987, 9.95049, 0, 3
128, 3, -6.25534e-009, 6.64755e-008, 0, 10, 0, 1
128, 3, -6.25534e-009, 6.64755e-008, 3.08428, 9.99695, 0, 5
128, 3, -0.0864828, 0.978177, 19.8486, 9.98032, 0, 5
128, 3, 0.54175, 2.66661, 40.3777, 9.95988, 0, 5
128, 3, 1.4887, 2.97608, 50, 9.95028, 0, 2
128, 3, 1.58659, 3.00807, 50.9947, 9.95028, 0, 3
129, 3, 1.10102e-008, -9.59467e-009, 0, 10, 0, 1
129, 3, 1.10102e-008, -9.59467e-009, 9.47633, 9.99062, 0, 5
129, 3, 0.703065, -0.0928703, 50, 9.95046, 0, 2
129, 3, 0.720411, -0.0951617, 50.9998, 9.95046, 0, 3
130, 3, -4.10544e-008, 8.15054e-008, 0, 10, 0, 1
130, 3, -4.10544e-008, 8.15054e-008, 50, 9.9505, 0, 2
130, 3, -4.10544e-008, 8.15054e-008, 51, 9.9505, 0, 3
131, 3, 1.66542e-008, -3.28455e-008, 0, 10, 0, 1
131, 3, 1.66542e-008, -3.28455e-008, 10.8336, 9.98927, 0, 5
131, 3, 1.65589, -0.969668, 42.3498, 9.95799, 0, 5
131, 3, 1.29577, -0.999168, 50, 9.95038, 0, 2
131, 3, 1.24875, -1.00302, 50.9989, 9.95038, 0, 3
132, 3, 1.27438e-008, 5.40216e-008, 0, 10, 0, 1
132, 3, 1.27438e-008, 5.40216e-008, 50, 9.9505, 0, 2
132, 3, 1.27438e-008, 5.40216e-008, 51, 9.9505, 0, 3
133, 3, 8.58837e-008, -6.87818e-010, 0, 10, 0, 1
133, 3, 8.58837e-008, -6.87818e-010, 42.641, 9.95778, 0, 5
133, 3, 0.00324292, -0.00434688, 43.2565, 9.95717, 0, 5
133, 3, 0.348104, -0.226031, 50, 9.95046, 0, 2
133, 3, 0.39915, -0.258844, 50.9982, 9.95046, 0, 3
134, 3, -1.01018e-007, 2.19088e-008, 0, 10, 0, 1
134, 3, -1.01018e-007, 2.19088e-008, 50, 9.9505, 0, 2
134, 3, -1.01018e-007, 2.19088e-008, 51, 9.9505, 0, 3
135, 3, -6.56831e-009, -3.32706e-008, 0, 10, 0, 1
135, 3, -6.56831e-009, -3.32706e-008, 8.01743, 9.99206, 0, 5
135, 3, 0.0559533, -0.328349, 18.3083, 9.98186, 0, 5
135, 3, 0.0968605, -0.478402, 20.9704, 9.97922, 0, 5
135, 3, 1.01288, -1.02723, 33.8532, 9.9664, 0, 5
135, 3, 1.75473, -1.58411, 44.6648, 9.95563, 0, 5
135, 3, 2.01235, -1.8905, 50, 9.95031, 0, 2
135, 3, 2.0605, -1.94777, 50.9972, 9.95031, 0, 3
136, 3, -2.39561e-008, -7.00936e-009, 0, 10, 0, 1
136, 3, -2.39561e-008, -7.00936e-009, 50, 9.9505, 0, 2
136, 3, -2.39561e-008, -7.00936e-009, 51, 9.9505, 0, 3
137, 3, 2.70691e-008, 4.70614e-008, 0, 10, 0, 1
137, 3, 2.70691e-008, 4.70614e-008, 50, 9.9505, 0, 2
137, 3, 2.70691e-008, 4.70614e-008, 51, 9.9505, 0, 3
138, 3, -3.7756e-008, -7.1275e-009, 0, 10, 0, 1
138, 3, -3.7756e-008, -7.1275e-009, 19.2768, 9.98091, 0, 5
138, 3, 0.674161, -0.161134, 32.8017, 9.96749, 0, 5
138, 3, 15.1281, 17.3996, 47.3046, 9.94072, 0, 5
138, 3, 17.6206, 20.732, 50, 9.93578, 0, 2
138, 3, 18.1234, 21.4041, 50.5436, 9.93578, 0, 3
139, 3, 6.04627e-008, -3.28912e-008, 0, 10, 0, 1
139, 3, 6.04627e-008, -3.28912e-008, 1.226, 9.99879, 0, 5
139, 3, 0.0414816, -0.442138, 8.78136, 9.99129, 0, 5
139, 3, 2.42807, -4.01496, 50, 9.95023, 0, 2
139, 3, 2.48566, -4.10118, 50.9946, 9.95023, 0, 3
140, 3, 1.85597e-008, -5.44378e-008, 0, 10, 0, 1
140, 3, 1.85597e-008, -5.44378e-008, 2.60425, 9.99742, 0, 5
140, 3, -2.6365, -0.847552, 38.105, 9.96216, 0, 5
140, 3, -2.92391, -1.20401, 46.1136, 9.95419, 0, 5
140, 3, -3.00681, -0.921457, 50, 9.95032, 0, 2
140, 3, -3.02808, -0.848962, 50.9971, 9.95032, 0, 3
141, 3, -8.75874e-008, 1.81482e-008, 0, 10, 0, 1
141, 3, -8.75874e-008, 1.81482e-008, 17.2703, 9.9829, 0, 5
141, 3, -0.0230029, -0.131055, 25.3302, 9.97491, 0, 5
141, 3, -0.643894, -1.30382, 38.5877, 9.96169, 0, 5
141, 3, -1.35069, -1.9839, 44.9794, 9.95527, 0, 5
141, 3, -1.85485, -2.88939, 48.8528, 9.95129, 0, 5
141, 3, -2.02913, -3.16475, 50, 9.9501, 0, 2
141, 3, -2.17526, -3.39564, 50.9619, 9.9501, 0, 3
142, 3, 1.54317e-008, -4.61256e-008, 0, 10, 0, 1
142, 3, 1.54317e-008, -4.61256e-008, 1.31603, 9.9987, 0, 5
142, 3, -0.311729, -0.285957, 8.91315, 9.99116, 0, 5
142, 3, -5.90273, -12.989, 19.7361, 9.97373, 0, 5
142, 3, -11.8299, -24.3804, 30.6206, 9.95703, 0, 5
142, 3, -22.4138, -44.9092, 50, 9.92708, 0, 2
142, 3, -22.7648, -45.5901, 50.6428, 9.92708, 0, 3
143, 3, 2.6829e-008, -1.57145e-008, 0, 10, 0, 1
143, 3, 2.6829e-008, -1.57145e-008, 1.03932, 9.99897, 0, 5
143, 3, -0.0357603, 0.0574502, 6.14127, 9.99392, 0, 5
143, 3, -1.51449, 0.678421, 41.4766, 9.95888, 0, 5
143, 3, -0.588399, 0.97352, 50, 9.95036, 0, 2
143, 3, -0.480446, 1.00792, 50.9936, 9.95036, 0, 3
144, 3, 8.08015e-008, 2.6787e-008, 0, 10, 0, 1
144, 3, 8.08015e-008, 2.6787e-008, 20.1346, 9.98007, 0, 5
144, 3, 0.275455, 0.910091, 45.5341, 9.95486, 0, 5
144, 3, 0.0318812, 1.09014, 50, 9.95042, 0, 2
144, 3, -0.0225351, 1.13036, 50.9977, 9.95042, 0, 3
145, 3, 4.65916e-008, 4.16367e-008, 0, 10, 0, 1
145, 3, 4.65916e-008, 4.16367e-008, 17.6656, 9.98251, 0, 5
145, 3, -0.681046, 0.605693, 35.339, 9.96497, 0, 5
145, 3, -0.502763, 0.537742, 50, 9.95041, 0, 2
145, 3, -0.490604, 0.533108, 50.9999, 9.95041, 0, 3
146, 3, 8.70599e-008, 4.18982e-008, 0, 10, 0, 1
146, 3, 8.70599e-008, 4.18982e-008, 32.6562, 9.96767, 0, 5
146, 3, -1.68639, 2.4895, 50, 9.9502, 0, 2
146, 3, -1.78219, 2.63093, 50.9853, 9.9502, 0, 3
147, 3, 1.90387e-009, -2.16432e-008, 0, 10, 0, 1
147, 3, 1.90387e-009, -2.16432e-008, 22.4369, 9.97779, 0, 5
147, 3, 0.834932, 1.20907, 36.2888, 9.96397, 0, 5
147, 3, 1.28627, 1.85819, 44.6669, 9.95562, 0, 5
147, 3, 1.66757, 2.04599, 49.7801, 9.95052, 0, 5
147, 3, 1.68546, 2.05461, 50, 9.9503, 0, 2
147, 3, 1.76647, 2.09364, 50.9959, 9.9503, 0, 3
148, 3, 9.96314e-008, -1.29959e-008, 0, 10, 0, 1
148, 3, 9.96314e-008, -1.29959e-008, 14.1047, 9.98604, 0, 5
148, 3, -0.233305, -0.141152, 21.1611, 9.97904, 0, 5
148, 3, 0.349444, -0.0200813, 27.6806, 9.97254, 0, 5
148, 3, 1.47622, -1.42161, 47.9609, 9.95235, 0, 5
148, 3, 1.51614, -1.47181, 50, 9.95032, 0, 2
148, 3, 1.5357, -1.49641, 50.9995, 9.95032, 0, 3
149, 3, 2.09516e-008, 1.38861e-009, 0, 10, 0, 1
149, 3, 2.09516e-008, 1.38861e-009, 50, 9.9505, 0, 2
149, 3, 2.09516e-008, 1.38861e-009, 51, 9.9505, 0, 3
150, 3, -4.40495e-009, -3.29306e-008, 0, 10, 0, 1
150, 3, -4.40495e-009, -3.29306e-008, 14.2449, 9.9859, 0, 5
150, 3, -0.0449828, -0.0624622, 16.8191, 9.98334, 0, 5
150, 3, -1.16512, 0.79632, 50, 9.95042, 0, 2
150, 3, -1.19885, 0.822178, 50.9991, 9.95042, 0, 3
151, 3, -2.62897e-008, 3.71071e-008, 0, 10, 0, 1
151, 3, -2.62897e-008, 3.71071e-008, 12.5934, 9.98753, 0, 5
151, 3, -0.601062, -3.48363, 45.2427, 9.95499, 0, 5
151, 3, -0.674425, -3.8791, 50, 9.95024, 0, 2
151, 3, -0.689792, -3.96193, 50.9964, 9.95024, 0, 3
152, 3, -4.60224e-008, 6.01438e-008, 0, 10, 0, 1
152, 3, -4.60224e-008, 6.01438e-008, 46.2664, 9.95419, 0, 5
152, 3, -0.224104, 0.129086, 50, 9.95047, 0, 2
152, 3, -0.283983, 0.163577, 50.9976, 9.95047, 0, 3
153, 3, -1.0034e-008, -4.28325e-008, 0, 10, 0, 1
153, 3, -1.0034e-008, -4.28325e-008, 10.119, 9.98998, 0, 5
153, 3, -0.0155273, -0.0546713, 11.1787, 9.98893, 0, 5
153, 3, 0.0442559, -3.22911, 42.9123, 9.95733, 0, 5
153, 3, -0.474926, -3.82419, 48.4089, 9.95181, 0, 5
153, 3, -0.518754, -4.02193, 50, 9.95022, 0, 2
153, 3, -0.546079, -4.14521, 50.992, 9.95022, 0, 3
154, 3, 2.99485e-008, 1.13962e-008, 0, 10, 0, 1
154, 3, 2.99485e-008, 1.13962e-008, 15.9291, 9.98423, 0, 5
154, 3, -1.32789, 0.0320913, 50, 9.95043, 0, 2
154, 3, -1.36683, 0.0330325, 50.9992, 9.95043, 0, 3
155, 3, 8.54531e-008, 3.77534e-008, 0, 10, 0, 1
155, 3, 8.54531e-008, 3.77534e-008, 12.4925, 9.98763, 0, 5
155, 3, -0.194686, 0.812748, 50, 9.95045, 0, 2
155, 3, -0.199876, 0.834412, 50.9998, 9.95045, 0, 3
156, 3, 5.52472e-009, -2.11215e-008, 0, 10, 0, 1
156, 3, 5.52472e-009, -2.11215e-008, 19.3383, 9.98085, 0, 5
156, 3, -0.206818, 1.75391, 50, 9.9504, 0, 2
156, 3, -0.213552, 1.81102, 50.9983, 9.9504, 0, 3
157, 3, -1.43729e-008, 4.82432e-008, 0, 10, 0, 1
157, 3, -1.43729e-008, 4.82432e-008, 11.7872, 9.98833, 0, 5
157, 3, 0.317102, -0.172587, 22.7615, 9.97745, 0, 5
157, 3, 0.663465, -2.3658, 48.2706, 9.95205, 0, 5
157, 3, 0.70543, -2.40767, 50, 9.95034, 0, 2
157, 3, 0.729681, -2.43187, 50.9994, 9.95034, 0, 3
158, 3, 1.76546e-008, -5.51017e-008, 0, 10, 0, 1
158, 3, 1.76546e-008, -5.51017e-008, 7.8453, 9.99223, 0, 5
158, 3, 0.16145, -0.0498908, 24.6775, 9.97556, 0, 5
158, 3, 0.547199, 0.565589, 50, 9.95043, 0, 2
158, 3, 0.562426, 0.589885, 50.9996, 9.95043, 0, 3
159, 3, -7.82612e-008, -4.52346e-008, 0, 10, 0, 1
159, 3, -7.82612e-008, -4.52346e-008, 3.35418, 9.99668, 0, 5
159, 3, -0.0671168, 0.155347, 15.2608, 9.98489, 0, 5
159, 3, -0.83961, -0.117451, 41.1927, 9.95917, 0, 5
159, 3, -1.08003, -0.124902, 48.713, 9.9517, 0, 5
159, 3, -1.08122, -0.148697, 50, 9.95042, 0, 2
159, 3, -1.08214, -0.167183, 50.9998, 9.95042, 0, 3
160, 3, -6.02097e-008, 6.52853e-008, 0, 10, 0, 1
160, 3, -6.02097e-008, 6.52853e-008, 8.57581, 9.99151, 0, 5
160, 3, 0.303762, -1.15265, 31.662, 9.96861, 0, 5
160, 3, 0.400718, -1.36303, 34.2864, 9.96599, 0, 5
160, 3, 1.37687, -2.41166, 50, 9.95033, 0, 2
160, 3, 1.43873, -2.47812, 50.9959, 9.95033, 0, 3
161, 3, -9.76535e-009, 8.51374e-009, 0, 10, 0, 1
161, 3, -9.76535e-009, 8.51374e-009, 17.8731, 9.9823, 0, 5
161, 3, 0.576579, -0.250601, 27.5991, 9.97264, 0, 5
161, 3, 1.91993, -0.515035, 41.4177, 9.95887, 0, 5
161, 3, 2.47183, -0.627462, 47.8701, 9.95243, 0, 5
161, 3, 2.67554, -0.675316, 50, 9.95031, 0, 2
161, 3, 2.77073, -0.697676, 50.9952, 9.95031, 0, 3
162, 3, 6.65402e-008, -1.22962e-008, 0, 10, 0, 1
162, 3, 6.65402e-008, -1.22962e-008, 0.467649, 9.99954, 0, 5
162, 3, 0.240789, 0.133311, 11.3422, 9.98877, 0, 5
162, 3, 0.376192, 1.1028, 50, 9.95045, 0, 2
162, 3, 0.379694, 1.12787, 50.9997, 9.95045, 0, 3
163, 3, -4.53853e-008, 3.08906e-008, 0, 10, 0, 1
163, 3, -4.53853e-008, 3.08906e-008, 28.104, 9.97217, 0, 5
163, 3, 0.586494, -0.19527, 50, 9.95044, 0, 2
163, 3, 0.613269, -0.204184, 50.9996, 9.95044, 0, 3
164, 3, 1.39384e-008, -4.52373e-009, 0, 10, 0, 1
164, 3, 1.39384e-008, -4.52373e-009, 49.7397, 9.95075, 0, 5
164, 3, 0.00396818, -0.00490686, 50, 9.95049, 0, 2
164, 3, 0.019209, -0.023753, 50.9997, 9.95049, 0, 3
165, 3, 8.1766e-008, 1.18402e-009, 0, 10, 0, 1
165, 3, 8.1766e-008, 1.18402e-009, 21.9201, 9.9783, 0, 5
165, 3, 0.200257, 0.477813, 39.7436, 9.96061, 0, 5
165, 3, -0.0246894, 0.0753415, 50, 9.95042, 0, 2
165, 3, -0.0465995, 0.0361401, 50.999, 9.95042, 0, 3
166, 3, 9.8288e-008, -5.3206e-008, 0, 10, 0, 1
166, 3, 9.8288e-008, -5.3206e-008, 22.3352, 9.97789, 0, 5
166, 3, -0.169293, -0.139384, 35.0102, 9.96531, 0, 5
166, 3, 1.96063, 0.295384, 50, 9.95028, 0, 2
166, 3, 2.10125, 0.324088, 50.9896, 9.95028, 0, 3
167, 3, 2.15771e-008, 1.3298e-008, 0, 10, 0, 1
167, 3, 2.15771e-008, 1.3298e-008, 7.00778, 9.99306, 0, 5
167, 3, 0.00549599, -0.0208658, 7.53618, 9.99254, 0, 5
167, 3, -3.80322, 0.644379, 48.6036, 9.95168, 0, 5
167, 3, -4.00308, 0.588329, 50, 9.95027, 0, 2
167, 3, -4.14464, 0.548626, 50.9891, 9.95027, 0, 3
168, 3, 2.90112e-008, -7.7249e-008, 0, 10, 0, 1
168, 3, 2.90112e-008, -7.7249e-008, 32.8782, 9.96745, 0, 5
168, 3, -4.21844, -8.80894, 50, 9.94788, 0, 2
168, 3, -4.43244, -9.25583, 50.8686, 9.94788, 0, 3
169, 3, 2.29649e-008, -7.19535e-008, 0, 10, 0, 1
169, 3, 2.29649e-008, -7.19535e-008, 10.3104, 9.98979, 0, 5
169, 3, 1.04942, -2.09795, 32.875, 9.96731, 0, 5
169, 3, 1.06601, -2.1213, 33.243, 9.96695, 0, 5
169, 3, 5.46651, -0.812607, 50, 9.9497, 0, 2
169, 3, 5.71979, -0.737284, 50.9645, 9.9497, 0, 3
170, 3, 9.02208e-009, 7.69592e-008, 0, 10, 0, 1
170, 3, 9.02208e-009, 7.69592e-008, 50, 9.9505, 0, 2
170, 3, 9.02208e-009, 7.69592e-008, 51, 9.9505, 0, 3
171, 3, 6.58209e-008, 3.06165e-008, 0, 10, 0, 1
171, 3, 6.58209e-008, 3.06165e-008, 16.4374, 9.98373, 0, 5
171, 3, 0.103274, 0.376511, 38.3392, 9.96201, 0, 5
171, 3, -0.825185, 2.32466, 50, 9.95024, 0, 2
171, 3, -0.903478, 2.48893, 50.9833, 9.95024, 0, 3
172, 3, -3.58303e-008, 7.62686e-009, 0, 10, 0, 1
172, 3, -3.58303e-008, 7.62686e-009, 0.40534, 9.9996, 0, 5
172, 3, -3.28397, 6.04257, 50, 9.95002, 0, 2
172, 3, -3.34956, 6.16326, 50.9905, 9.95002, 0, 3
173, 3, -2.21814e-008, 9.77633e-009, 0, 10, 0, 1
173, 3, -2.21814e-008, 9.77633e-009, 50, 9.9505, 0, 2
173, 3, -2.21814e-008, 9.77633e-009, 51, 9.9505, 0, 3
174, 3, 5.18793e-009, -7.18139e-008, 0, 10, 0, 1
174, 3, 5.18793e-009, -7.18139e-008, 13.1511, 9.98698, 0, 5
174, 3, 0.126246, -0.368814, 29.812, 9.97046, 0, 5
174, 3, 0.512171, -1.00775, 45.8194, 9.95456, 0, 5
174, 3, 0.488479, -1.08311, 50, 9.95041, 0, 2
174, 3, 0.482812, -1.10113, 50.9998, 9.95041, 0, 3
175, 3, -7.44894e-008, -3.15157e-008, 0, 10, 0, 1
175, 3, -7.44894e-008, -3.15157e-008, 36.8899, 9.96348, 0, 5
175, 3, 0.113325, 0.777996, 50, 9.95044, 0, 2
175, 3, 0.121954, 0.837233, 50.9982, 9.95044, 0, 3
176, 3, -4.68198e-008, 3.67303e-008, 0, 10, 0, 1
176, 3, -4.68198e-008, 3.67303e-008, 0.779304, 9.99923, 0, 5
176, 3, 2.91866, -3.27517, 26.8668, 9.97304, 0, 5
176, 3, 4.46168, -13.7843, 50, 9.94778, 0, 2
176, 3, 4.5223, -14.1971, 50.9088, 9.94778, 0, 3
177, 3, -4.50195e-009, 1.11712e-008, 0, 10, 0, 1
177, 3, -4.50195e-009, 1.11712e-008, 4.85201, 9.9952, 0, 5
177, 3, -1.21789, 0.398652, 25.6597, 9.97455, 0, 5
177, 3, -1.88764, 0.449303, 35.3261, 9.96494, 0, 5
177, 3, -5.31968, 0.802701, 46.4817, 9.95335, 0, 5
177, 3, -6.04002, 0.875233, 48.4898, 9.95122, 0, 5
177, 3, -5.99672, 1.03225, 50, 9.94972, 0, 2
177, 3, -5.96822, 1.13561, 50.9942, 9.94972, 0, 3
178, 3, 1.01072e-008, 7.31813e-009, 0, 10, 0, 1
178, 3, 1.01072e-008, 7.31813e-009, 6.47231, 9.99359, 0, 5
178, 3, 0.335244, -0.224595, 45.1644, 9.95526, 0, 5
178, 3, 0.399308, -0.186627, 50, 9.95046, 0, 2
178, 3, 0.412555, -0.178776, 50.9999, 9.95046, 0, 3
179, 3, 1.61346e-008, 7.4693e-009, 0, 10, 0, 1
179, 3, 1.61346e-008, 7.4693e-009, 1.15446, 9.99886, 0, 5
179, 3, 0.643071, -13.7946, 45.4629, 9.9529, 0, 5
179, 3, 0.671634, -15.3861, 50, 9.94813, 0, 2
179, 3, 0.677574, -15.7171, 50.9436, 9.94813, 0, 3
180, 3, 5.75073e-008, -1.69267e-008, 0, 10, 0, 1
180, 3, 5.75073e-008, -1.69267e-008, 32.1172, 9.9682, 0, 5
180, 3, 0.617968, 0.607577, 50, 9.95043, 0, 2
180, 3, 0.652484, 0.641513, 50.9988, 9.95043, 0, 3
181, 3, 1.82383e-009, -2.45105e-008, 0, 10, 0, 1
181, 3, 1.82383e-009, -2.45105e-008, 4.43386, 9.99561, 0, 5
181, 3, 0.02337, -0.00947303, 5.18762, 9.99486, 0, 5
181, 3, 1.5512, 0.881783, 50, 9.95044, 0, 2
181, 3, 1.58526, 0.901656, 50.9992, 9.95044, 0, 3
182, 3, 3.45119e-009, 2.57599e-008, 0, 10, 0, 1
182, 3, 3.45119e-009, 2.57599e-008, 7.19647, 9.99287, 0, 5
182, 3, -0.339854, 0.159958, 50, 9.95047, 0, 2
182, 3, -0.347793, 0.163695, 51, 9.95047, 0, 3
183, 3, 6.75875e-009, 4.00486e-008, 0, 10, 0, 1
183, 3, 6.75875e-009, 4.00486e-008, 30.2864, 9.97001, 0, 5
183, 3, 0.0704671, 0.012986, 32.4788, 9.96784, 0, 5
183, 3, 0.090921, 0.0188102, 33.2084, 9.96711, 0, 5
183, 3, 0.566084, 0.106735, 40.7595, 9.9596, 0, 5
183, 3, 1.13886, 0.283112, 48.0139, 9.95237, 0, 5
183, 3, 1.45771, 0.315216, 50, 9.95038, 0, 2
183, 3, 1.61621, 0.331174, 50.9872, 9.95038, 0, 3
184, 3, 9.40151e-010, -2.29303e-009, 0, 10, 0, 1
184, 3, 9.40151e-010, -2.29303e-009, 18.0772, 9.9821, 0, 5
184, 3, 0.139143, -0.354469, 50, 9.95045, 0, 2
184, 3, 0.143501, -0.365572, 50.9999, 9.95045, 0, 3
185, 3, -7.21373e-009, -2.00337e-008, 0, 10, 0, 1
185, 3, -7.21373e-009, -2.00337e-008, 0.703604, 9.9993, 0, 5
185, 3, 0.729247, 0.0078621, 48.1327, 9.95234, 0, 5
185, 3, 0.507199, 0.0719754, 50, 9.95047, 0, 2
185, 3, 0.389183, 0.106051, 50.9924, 9.95047, 0, 3
186, 3, 2.10624e-008, 1.49283e-008, 0, 10, 0, 1
186, 3, 2.10624e-008, 1.49283e-008, 34.3212, 9.96602, 0, 5
186, 3, 0.918612, -1.1526, 50, 9.95039, 0, 2
186, 3, 0.976945, -1.22579, 50.9956, 9.95039, 0, 3
187, 3, 2.45854e-008, -1.96124e-009, 0, 10, 0, 1
187, 3, 2.45854e-008, -1.96124e-009, 50, 9.9505, 0, 2
187, 3, 2.45854e-008, -1.96124e-009, 51, 9.9505, 0, 3
188, 3, -5.12728e-009, 3.11016e-008, 0, 10, 0, 1
188, 3, -5.12728e-009, 3.11016e-008, 1.71441, 9.9983, 0, 5
188, 3, -0.798278, 0.411465, 6.34488, 9.99363, 0, 5
188, 3, -8.92276, 3.14149, 43.704, 9.95566, 0, 5
188, 3, -9.01585, 3.1685, 44.1258, 9.95523, 0, 5
188, 3, -10.1901, 3.2076, 50, 9.94928, 0, 2
188, 3, -10.3862, 3.21412, 50.9806, 9.94928, 0, 3
189, 3, 1.4478e-008, 8.92958e-009, 0, 10, 0, 1
189, 3, 1.4478e-008, 8.92958e-009, 38.8265, 9.96156, 0, 5
189, 3, 0.0518035, 0.17059, 50, 9.95046, 0, 2
189, 3, 0.0564392, 0.185855, 50.9999, 9.95046, 0, 3
190, 3, -7.8103e-008, -6.90646e-008, 0, 10, 0, 1
190, 3, -7.8103e-008, -6.90646e-008, 14.9768, 9.98517, 0, 5
190, 3, -2.18274, 1.09941, 50, 9.95037, 0, 2
190, 3, -2.24491, 1.13072, 50.9976, 9.95037, 0, 3
191, 3, -4.36232e-008, -2.01379e-008, 0, 10, 0, 1
191, 3, -4.36232e-008, -2.01379e-008, 24.8974, 9.97535, 0, 5
191, 3, 4.90838, 3.44868, 43.1955, 9.95625, 0, 5
191, 3, 6.38484, 5.14456, 50, 9.94913, 0, 2
191, 3, 6.59086, 5.3812, 50.9495, 9.94913, 0, 3
192, 3, 2.30161e-008, 5.85704e-008, 0, 10, 0, 1
192, 3, 2.30161e-008, 5.85704e-008, 18.5133, 9.98167, 0, 5
192, 3, -1.82669, 1.27448, 48.6154, 9.95174, 0, 5
192, 3, -1.91293, 1.33489, 50, 9.95036, 0, 2
192, 3, -1.97504, 1.37839, 50.9971, 9.95036, 0, 3
193, 3, -7.85838e-008, -1.25416e-008, 0, 10, 0, 1
193, 3, -7.85838e-008, -1.25416e-008, 35.4331, 9.96492, 0, 5
193, 3, -0.212232, 0.205255, 50, 9.95046, 0, 2
193, 3, -0.226798, 0.219343, 50.9998, 9.95046, 0, 3
194, 3, 6.14108e-008, -3.71676e-008, 0, 10, 0, 1
194, 3, 6.14108e-008, -3.71676e-008, 9.67461, 9.99042, 0, 5
194, 3, -0.76124, -0.604499, 24.6905, 9.97551, 0, 5
194, 3, -1.95724, -1.37511, 36.9605, 9.96326, 0, 5
194, 3, -3.22463, -2.25503, 50, 9.95022, 0, 2
194, 3, -3.32115, -2.32204, 50.9931, 9.95022, 0, 3
195, 3, 1.12805e-008, 2.47438e-008, 0, 10, 0, 1
195, 3, 1.12805e-008, 2.47438e-008, 0.519741, 9.99949, 0, 5
195, 3, -1.31006, 11.0689, 50, 9.94927, 0, 2
195, 3, -1.33589, 11.2871, 50.9756, 9.94927, 0, 3
196, 3, 5.64869e-008, -6.09591e-009, 0, 10, 0, 1
196, 3, 5.64869e-008, -6.09591e-009, 3.90116, 9.99614, 0, 5
196, 3, -0.400975, 0.0915583, 16.4591, 9.98369, 0, 5
196, 3, -1.48964, -0.509918, 27.0923, 9.97308, 0, 5
196, 3, -2.1862, -0.698568, 32.1691, 9.96799, 0, 5
196, 3, -2.68872, -1.08761, 38.0394, 9.96213, 0, 5
196, 3, -3.8395, -1.83688, 50, 9.95018, 0, 2
196, 3, -3.93508, -1.89911, 50.9935, 9.95018, 0, 3
197, 3, -3.06954e-008, 9.25957e-008, 0, 10, 0, 1
197, 3, -3.06954e-008, 9.25957e-008, 24.1905, 9.97605, 0, 5
197, 3, -3.59873, 1.67452, 50, 9.95015, 0, 2
197, 3, -3.73654, 1.73865, 50.9884, 9.95015, 0, 3
198, 3, -1.50181e-008, 1.08611e-008, 0, 10, 0, 1
198, 3, -1.50181e-008, 1.08611e-008, 50, 9.9505, 0, 2
198, 3, -1.50181e-008, 1.08611e-008, 51, 9.9505, 0, 3
199, 3, 5.27626e-008, -7.56901e-008, 0, 10, 0, 1
199, 3, 5.27626e-008, -7.56901e-008, 6.01202, 9.99405, 0, 5
199, 3, 0.761142, -1.16164, 34.6107, 9.96569, 0, 5
199, 3, 0.834568, -1.72373, 48.6213, 9.95177, 0, 5
199, 3, 0.832029, -1.84207, 50, 9.95039, 0, 2
199, 3, 0.830194, -1.92759, 50.9963, 9.95039, 0, 3
200, 3, -4.7463e-008, -9.55884e-008, 0, 10, 0, 1
200, 3, -4.7463e-008, -9.55884e-008, 32.761, 9.96756, 0, 5
200, 3, 0.0496522, 0.0114463, 35.1911, 9.96515, 0, 5
200, 3, 1.80688, 0.678998, 50, 9.95033, 0, 2
200, 3, 1.92459, 0.723717, 50.992, 9.95033, 0, 3
